Rk,G,Season,Age,Tm,Opp,W/L,GS,MP,MP1,FG,FGA,FG%,3P,3PA,3P%,FT,FTA,FT%,ORB,DRB,TRB,AST,STL,BLK,TOV,PF,PTS,GmSc,+/-
1,1,09-10,21-228,GSW,HOU,L (-1),1,35.39,35:39,7,12,0.583,0,1,0,0,0,,1,1,2,7,4,0,2,2,14,15.5,7
2,2,09-10,21-230,GSW,PHO,L (-22),1,39.05,39:05,5,9,0.556,2,3,0.667,0,0,,0,2,2,4,1,0,3,5,12,7.1,-19
3,3,09-10,21-235,GSW,MEM,W (+8),1,28.27,28:27,3,6,0.5,1,2,0.5,0,0,,0,5,5,9,2,0,1,4,7,11.2,-4
4,4,09-10,21-237,GSW,LAC,L (-28),1,21.32,21:32,1,5,0.2,0,1,0,3,4,0.75,0,1,1,3,0,0,0,6,5,1.5,-13
5,5,09-10,21-239,GSW,SAC,L (-13),1,31.15,31:15,4,8,0.5,1,2,0.5,0,2,0,1,3,4,6,0,0,5,4,9,3.4,-5
6,6,09-10,21-240,GSW,MIN,W (+41),1,29.49,29:49,2,8,0.25,1,2,0.5,3,4,0.75,0,2,2,5,1,0,2,1,8,5.5,28
7,7,09-10,21-242,GSW,IND,L (-14),0,21.11,21:11,3,7,0.429,0,2,0,0,0,,0,1,1,4,1,0,3,2,6,2.6,-13
8,8,09-10,21-244,GSW,NYK,W (+14),0,2.35,2:35,0,0,,0,0,,0,0,,0,0,0,0,0,1,0,1,0,0.3,3
9,9,09-10,21-245,GSW,MIL,L (-4),0,25.57,25:57,6,9,0.667,2,2,1,0,0,,1,3,4,2,2,1,1,5,14,12.8,2
10,10,09-10,21-248,GSW,CLE,L (-6),1,41.18,41:18,6,10,0.6,2,6,0.333,0,1,0,0,5,5,7,0,0,3,2,14,11.6,-4
11,11,09-10,21-249,GSW,BOS,L (-14),1,35.24,35:24,4,10,0.4,1,4,0.25,4,4,1,0,0,0,7,4,0,6,3,13,9.3,5
12,12,09-10,21-251,GSW,POR,W (+14),1,45.34,45:34,3,9,0.333,2,3,0.667,4,5,0.8,0,6,6,8,1,1,1,6,12,12.2,18
13,13,09-10,21-255,GSW,DAL,W (+8),1,34.48,34:48,6,12,0.5,2,4,0.5,4,4,1,1,3,4,6,3,0,4,5,18,14.8,16
14,14,09-10,21-256,GSW,SAS,L (-14),1,34.12,34:12,5,16,0.313,1,4,0.25,0,0,,1,6,7,5,1,2,6,3,11,3,-7
15,15,09-10,21-259,GSW,LAL,L (-33),1,36.01,36:01,5,15,0.333,1,5,0.2,2,2,1,1,3,4,8,0,0,1,0,13,10.7,-23
16,16,09-10,21-261,GSW,IND,W (+19),1,19.50,19:50,2,5,0.4,1,2,0.5,2,2,1,0,2,2,4,3,0,2,2,7,7.9,-7
17,17,09-10,21-262,GSW,DEN,L (-28),1,40.42,40:42,4,14,0.286,2,6,0.333,0,0,,1,3,4,6,2,2,1,2,10,9.2,-14
18,18,09-10,21-264,GSW,HOU,L (-2),1,31.51,31:51,4,8,0.5,1,3,0.333,2,2,1,1,4,5,2,2,1,4,3,11,7.8,-3
19,19,09-10,21-266,GSW,ORL,L (-8),1,46.09,46:09,6,12,0.5,0,2,0,1,1,1,0,3,3,3,1,0,3,4,13,6.4,-8
20,20,09-10,21-268,GSW,OKC,L (-16),1,36.26,36:26,9,14,0.643,2,4,0.5,2,2,1,0,4,4,2,4,0,5,5,22,15.4,-17
21,21,09-10,21-270,GSW,NJN,W (+16),1,30.12,30:12,6,13,0.462,1,4,0.25,1,2,0.5,1,3,4,4,3,0,4,4,14,8.7,7
22,22,09-10,21-272,GSW,CHI,L (-5),1,27.15,27:15,3,9,0.333,0,3,0,0,0,,0,3,3,1,1,0,0,0,6,3.5,-8
23,23,09-10,21-273,GSW,DET,L (-9),1,37.50,37:50,5,10,0.5,3,4,0.75,6,6,1,0,2,2,4,4,1,4,4,19,16.5,-11
24,24,09-10,21-275,GSW,PHI,L (-16),1,36.24,36:24,5,13,0.385,1,4,0.25,3,4,0.75,0,4,4,4,4,1,4,5,14,9.2,-14
25,25,09-10,21-277,GSW,SAS,L (-12),1,25.03,25:03,4,11,0.364,0,2,0,0,0,,1,3,4,3,4,0,1,5,8,6.6,-12
26,26,09-10,21-279,GSW,WAS,L (-9),1,46.15,46:15,9,17,0.529,5,9,0.556,4,4,1,1,7,8,4,3,0,2,4,27,23.7,-10
27,27,09-10,21-283,GSW,MEM,L (-13),1,41.17,41:17,6,15,0.4,2,6,0.333,0,0,,1,6,7,8,0,0,4,2,14,9.2,-3
28,28,09-10,21-284,GSW,NOH,L (-6),1,47.01,47:01,6,13,0.462,3,5,0.6,2,2,1,0,10,10,7,2,0,2,5,17,16.2,-1
29,29,09-10,21-287,GSW,PHO,W (+5),1,26.33,26:33,4,10,0.4,3,4,0.75,2,2,1,1,2,3,4,3,0,1,4,13,12.1,6
30,30,09-10,21-289,GSW,BOS,W (+4),1,10.41,10:41,0,4,0,0,1,0,0,1,0,0,2,2,0,1,0,1,3,0,-3.8,-16
31,31,09-10,21-290,GSW,LAL,L (-6),1,23.20,23:20,6,10,0.6,0,1,0,3,3,1,1,2,3,3,0,0,4,3,15,8.6,-7
32,32,09-10,21-294,GSW,POR,L (-16),1,29.00,29:00,4,10,0.4,1,2,0.5,0,0,,0,1,1,1,1,0,3,4,9,1,-6
33,33,09-10,21-297,GSW,DEN,L (-1),1,40.18,40:18,10,13,0.769,6,6,1,0,0,,0,5,5,6,3,0,2,3,26,26.4,-1
34,34,09-10,21-298,GSW,MIN,W (+6),1,30.11,30:11,7,11,0.636,0,2,0,2,2,1,0,1,1,4,2,0,1,6,16,12.8,11
35,35,09-10,21-300,GSW,SAC,W (+7),1,34.08,34:08,5,10,0.5,1,2,0.5,1,2,0.5,0,3,3,4,1,0,2,3,12,8.1,5
36,36,09-10,21-303,GSW,CLE,L (-3),1,36.07,36:07,8,15,0.533,1,2,0.5,4,5,0.8,0,7,7,5,1,1,2,4,21,17,1
37,37,09-10,21-305,GSW,MIA,L (-13),1,32.34,32:34,3,10,0.3,3,5,0.6,0,0,,1,3,4,4,0,0,4,1,9,3.2,-12
38,38,09-10,21-307,GSW,MIL,L (-9),1,48.00,48:00,7,17,0.412,1,4,0.25,3,3,1,0,6,6,4,6,1,4,6,18,13.8,-9
39,39,09-10,21-310,GSW,CHI,W (+17),1,43.28,43:28,9,18,0.5,5,8,0.625,3,3,1,2,8,10,6,1,1,5,4,26,20.1,21
40,40,09-10,21-312,GSW,DEN,L (-5),1,48.47,48:47,6,17,0.353,3,8,0.375,0,0,,0,3,3,6,1,0,3,2,15,7.8,-2
41,41,09-10,21-314,GSW,NJN,W (+32),1,48.00,48:00,11,21,0.524,3,7,0.429,7,8,0.875,0,2,2,7,4,0,2,4,32,27.2,32
42,42,09-10,21-315,GSW,PHO,L (-9),1,40.26,40:26,10,25,0.4,4,9,0.444,1,1,1,0,5,5,2,0,0,1,4,25,11.8,-10
43,43,09-10,21-318,GSW,SAC,L (-3),1,44.42,44:42,10,22,0.455,3,10,0.3,4,5,0.8,1,8,9,6,3,0,1,3,27,23.3,9
44,44,09-10,21-319,GSW,NOH,L (-13),1,40.39,40:39,7,13,0.538,1,3,0.333,0,0,,0,5,5,8,3,0,5,4,15,12.2,-5
45,45,09-10,21-321,GSW,CHA,L (-11),1,41.00,41:00,8,15,0.533,2,4,0.5,4,4,1,0,1,1,9,3,0,1,3,22,22.1,0
46,46,09-10,21-323,GSW,OKC,L (-8),1,35.52,35:52,4,10,0.4,2,2,1,4,4,1,2,2,4,5,1,0,5,2,14,9.3,-18
47,47,09-10,21-325,GSW,HOU,L (-22),1,29.52,29:52,6,18,0.333,2,5,0.4,0,0,,1,1,2,4,1,0,0,1,14,8.2,-22
48,48,09-10,21-326,GSW,DAL,L (-9),1,26.54,26:54,1,6,0.167,0,2,0,4,4,1,0,0,0,3,0,0,3,2,6,0.5,-8
49,49,09-10,21-329,GSW,OKC,L (-9),1,27.05,27:05,9,15,0.6,3,7,0.429,2,3,0.667,0,1,1,4,2,0,3,3,23,16.6,2
50,50,09-10,21-331,GSW,DAL,L (-10),1,48.00,48:00,9,20,0.45,1,5,0.2,6,6,1,0,2,2,9,2,0,3,4,25,18.9,-10
51,51,09-10,21-333,GSW,LAC,W (+30),1,45.47,45:47,11,22,0.5,7,11,0.636,7,8,0.875,0,10,10,13,3,0,6,4,36,32.1,35
52,52,09-10,21-339,GSW,LAL,L (-10),1,43.38,43:38,5,21,0.238,1,10,0.1,0,0,,0,10,10,8,1,0,4,5,11,1.9,-4
53,53,09-10,21-340,GSW,SAC,W (+32),1,39.37,39:37,10,15,0.667,1,4,0.25,3,3,1,1,5,6,15,3,0,3,2,24,29.4,36
54,54,09-10,21-342,GSW,UTA,L (-11),1,39.00,39:00,4,9,0.444,3,6,0.5,2,2,1,1,5,6,7,3,0,10,1,13,8,0
55,55,09-10,21-344,GSW,ATL,W (+4),1,45.25,45:25,13,18,0.722,1,3,0.333,5,5,1,2,7,9,3,1,0,5,3,32,25,5
56,56,09-10,21-346,GSW,PHI,L (-8),1,37.59,37:59,8,22,0.364,1,8,0.125,0,1,0,1,5,6,5,0,0,2,2,17,7.3,-17
57,57,09-10,21-348,GSW,DEN,L (-15),1,41.39,41:39,11,19,0.579,2,5,0.4,6,6,1,1,6,7,13,2,1,2,1,30,33,-24
58,58,09-10,21-350,GSW,DET,W (+7),1,48.00,48:00,11,25,0.44,3,6,0.5,2,3,0.667,1,4,5,4,1,0,5,4,27,12.6,7
59,59,09-10,21-353,GSW,MIA,L (-4),1,43.27,43:27,7,17,0.412,3,8,0.375,1,1,1,0,2,2,8,2,0,3,5,18,12.1,1
60,60,09-10,21-354,GSW,ORL,L (-27),1,32.11,32:11,3,12,0.25,1,2,0.5,2,2,1,0,3,3,7,2,0,5,2,9,3.8,-25
61,61,09-10,21-356,GSW,ATL,L (-5),1,48.00,48:00,11,19,0.579,5,9,0.556,4,4,1,1,4,5,11,2,0,7,1,31,26.3,-5
62,62,09-10,21-357,GSW,CHA,L (-11),1,48.00,48:00,8,23,0.348,4,8,0.5,5,6,0.833,2,3,5,4,0,0,3,1,25,13.4,-11
63,63,09-10,21-359,GSW,NOH,L (-4),1,33.59,33:59,5,13,0.385,2,4,0.5,0,0,,0,3,3,6,1,0,4,2,12,6.2,-14
64,64,09-10,21-362,GSW,POR,L (-5),1,33.03,33:03,6,15,0.4,2,7,0.286,1,1,1,2,3,5,3,2,0,4,5,15,7.3,-10
65,65,09-10,21-364,GSW,TOR,W (+12),1,42.21,42:21,13,21,0.619,5,8,0.625,4,4,1,2,4,6,10,4,1,2,1,35,37.4,6
66,66,09-10,22-001,GSW,LAL,L (-3),1,33.50,33:50,11,19,0.579,5,9,0.556,2,2,1,0,5,5,9,1,0,0,4,29,27.3,-9
67,67,09-10,22-006,GSW,MEM,L (-16),1,25.20,25:20,4,10,0.4,1,3,0.333,0,0,,0,4,4,6,0,1,2,2,9,6.9,-4
68,68,09-10,22-008,GSW,PHO,L (-2),1,33.55,33:55,6,15,0.4,2,5,0.4,0,0,,1,3,4,8,4,0,1,4,14,14.5,-8
69,69,09-10,22-010,GSW,MEM,W (+18),1,40.23,40:23,12,19,0.632,4,6,0.667,2,2,1,1,4,5,11,4,0,7,3,30,26.9,27
70,70,09-10,22-013,GSW,DAL,L (-21),1,36.52,36:52,6,16,0.375,3,5,0.6,2,2,1,0,7,7,6,2,0,7,1,17,9.1,-5
71,71,09-10,22-014,GSW,LAC,W (+18),1,39.52,39:52,8,15,0.533,2,2,1,0,0,,1,3,4,7,1,0,3,5,18,13.2,17
72,72,09-10,22-017,GSW,UTA,L (-24),1,33.37,33:37,6,16,0.375,1,4,0.25,2,3,0.667,1,1,2,6,0,0,4,5,15,5,-14
73,73,09-10,22-019,GSW,NYK,W (+11),1,29.23,29:23,7,21,0.333,1,5,0.2,0,0,,1,3,4,10,1,0,2,1,15,10.3,-4
74,74,09-10,22-021,GSW,TOR,W (+1),1,44.14,44:14,10,23,0.435,5,11,0.455,4,6,0.667,1,7,8,12,3,2,5,4,29,25.1,5
75,75,09-10,22-023,GSW,WAS,L (-18),1,33.21,33:21,10,21,0.476,3,6,0.5,4,4,1,0,1,1,4,2,0,2,2,27,18.6,-21
76,76,09-10,22-024,GSW,MIN,W (+9),1,44.15,44:15,12,22,0.545,3,5,0.6,0,0,,2,6,8,14,7,0,4,4,27,30.8,5
77,77,09-10,22-027,GSW,LAC,L (-3),1,41.13,41:13,10,19,0.526,5,10,0.5,4,4,1,0,9,9,4,3,0,3,5,29,23.2,0
78,78,09-10,22-028,GSW,OKC,W (+3),1,34.34,34:34,9,16,0.563,3,6,0.5,4,6,0.667,1,6,7,7,1,0,4,2,25,20.2,3
79,79,09-10,22-030,GSW,UTA,L (-9),1,40.40,40:40,5,15,0.333,1,4,0.25,6,6,1,1,4,5,6,2,0,2,4,17,13,-14
80,80,09-10,22-031,GSW,POR,W (+6),1,48.00,48:00,13,25,0.52,4,6,0.667,12,12,1,3,6,9,8,2,1,2,0,42,39.9,6
1,1,10-11,22-227,GSW,HOU,W (+4),1,39.04,39:04,9,16,0.563,3,6,0.5,4,4,1,1,1,2,11,0,1,5,4,25,20.2,4
2,2,10-11,22-229,GSW,LAC,W (+18),1,26.53,26:53,7,9,0.778,1,3,0.333,1,3,0.333,0,2,2,6,2,0,2,2,16,15.7,17
3,3,10-11,22-236,GSW,UTA,W (+7),1,32.59,32:59,7,17,0.412,1,4,0.25,5,5,1,0,1,1,6,2,0,5,5,20,10.4,8
4,4,10-11,22-238,GSW,DET,L (-5),1,28.59,28:59,3,12,0.25,0,3,0,4,4,1,1,3,4,6,2,0,2,4,10,7,-3
5,5,10-11,22-239,GSW,TOR,W (+7),1,36.27,36:27,12,21,0.571,2,4,0.5,8,8,1,2,3,5,4,3,0,5,2,34,26.4,13
6,6,10-11,22-241,GSW,NYK,W (+5),1,45.03,45:03,11,20,0.55,1,1,1,2,3,0.667,0,6,6,8,2,1,2,4,25,21.5,6
7,7,10-11,22-242,GSW,CHI,L (-30),1,30.58,30:58,7,18,0.389,2,5,0.4,1,2,0.5,0,3,3,6,5,0,5,2,17,11.1,-13
8,8,10-11,22-244,GSW,MIL,L (-7),1,30.02,30:02,3,14,0.214,0,3,0,1,2,0.5,1,1,2,4,3,1,2,5,7,1.5,-12
9,9,10-11,22-246,GSW,DET,W (+4),1,29.30,29:30,7,14,0.5,2,3,0.667,5,5,1,0,5,5,4,2,0,3,6,21,14.9,15
10,10,10-11,22-250,GSW,NYK,L (-6),1,42.12,42:12,9,21,0.429,3,6,0.5,8,9,0.889,0,5,5,8,1,0,4,4,29,20,-3
11,11,10-11,22-252,GSW,LAL,L (-28),1,24.09,24:09,5,10,0.5,1,3,0.333,2,2,1,0,3,3,2,1,2,0,3,13,11.5,-26
12,12,10-11,22-253,GSW,DEN,L (-17),1,40.36,40:36,8,21,0.381,1,6,0.167,0,0,,1,6,7,5,3,0,2,3,17,11.3,-19
13,13,10-11,22-255,GSW,HOU,L (-10),1,35.33,35:33,8,19,0.421,0,2,0,5,5,1,0,4,4,6,4,0,1,6,21,16.9,-11
14,14,10-11,22-257,GSW,MEM,L (-5),1,30.18,30:18,8,13,0.615,4,5,0.8,6,6,1,0,2,2,4,1,0,3,5,26,19.5,-1
15,15,10-11,22-258,GSW,MIN,W (+10),1,27.33,27:33,6,10,0.6,2,3,0.667,6,7,0.857,0,3,3,7,3,0,1,5,20,20.8,16
16,16,10-11,22-261,GSW,SAS,L (-20),1,40.06,40:06,13,22,0.591,3,6,0.5,3,3,1,1,2,3,5,1,1,5,2,32,22.5,-14
17,17,10-11,22-263,GSW,PHO,L (-6),1,34.09,34:09,4,10,0.4,1,3,0.333,0,0,,1,0,1,7,4,0,4,4,9,7.6,-6
18,18,10-11,22-266,GSW,OKC,L (-5),1,45.51,45:51,14,20,0.7,4,7,0.571,7,7,1,0,1,1,6,2,1,5,5,39,30.8,-9
19,19,10-11,22-268,GSW,DAL,L (-5),1,41.33,41:33,8,16,0.5,3,5,0.6,2,2,1,1,5,6,4,2,0,6,2,21,13.2,-2
20,20,10-11,22-269,GSW,SAS,L (-17),1,10.51,10:51,0,2,0,0,0,,0,0,,0,1,1,3,0,0,2,2,0,-1.8,-15
21,21,10-11,22-286,GSW,POR,W (+7),1,29.18,29:18,2,15,0.133,0,5,0,0,0,,1,3,4,11,0,0,2,2,4,0.8,7
22,22,10-11,22-288,GSW,PHI,W (+15),1,28.20,28:20,5,13,0.385,4,6,0.667,3,3,1,0,5,5,8,1,0,2,5,17,14,18
23,23,10-11,22-290,GSW,ATL,L (-10),1,28.58,28:58,4,13,0.308,0,3,0,1,1,1,1,4,5,12,0,0,3,2,9,8,-1
24,24,10-11,22-292,GSW,CHA,W (+1),1,36.06,36:06,10,17,0.588,4,5,0.8,0,0,,0,1,1,3,1,0,3,3,24,15.3,6
25,25,10-11,22-293,GSW,MIA,L (-7),1,35.51,35:51,7,12,0.583,1,2,0.5,0,0,,1,1,2,6,3,0,1,5,15,14.6,-12
26,26,10-11,22-295,GSW,ORL,L (-20),1,35.00,35:00,5,13,0.385,3,6,0.5,2,2,1,0,6,6,5,2,0,5,3,15,9,-13
27,27,10-11,22-297,GSW,NOH,W (+7),1,39.54,39:54,6,11,0.545,1,3,0.333,8,8,1,1,2,3,5,4,0,2,3,21,21.3,8
28,28,10-11,22-299,GSW,CLE,W (+18),1,24.30,24:30,4,7,0.571,3,4,0.75,4,4,1,0,2,2,4,2,1,0,2,15,17,15
29,29,10-11,22-301,GSW,LAC,L (-14),1,25.58,25:58,2,13,0.154,0,6,0,4,5,0.8,0,5,5,4,1,0,2,4,8,1,-13
30,30,10-11,22-304,GSW,LAL,L (-5),1,37.51,37:51,5,12,0.417,1,6,0.167,4,4,1,1,3,4,10,2,0,3,3,15,15,2
31,31,10-11,22-306,GSW,LAC,W (+10),1,27.09,27:09,7,15,0.467,5,7,0.714,4,4,1,1,3,4,4,1,0,2,2,23,17.9,9
32,32,10-11,22-309,GSW,NJN,W (+9),1,23.04,23:04,4,10,0.4,2,5,0.4,3,4,0.75,0,2,2,6,0,1,2,4,13,9.1,11
33,33,10-11,22-311,GSW,IND,W (+2),1,32.36,32:36,4,10,0.4,0,3,0,3,3,1,0,4,4,8,2,0,1,1,11,13,17
34,34,10-11,22-313,GSW,SAC,W (+7),1,44.10,44:10,12,21,0.571,3,7,0.429,7,7,1,1,2,3,3,4,0,4,2,34,26.7,7
35,35,10-11,22-314,GSW,LAC,L (-4),1,40.50,40:50,12,23,0.522,3,9,0.333,5,5,1,2,4,6,8,1,1,2,5,32,26.6,9
36,36,10-11,22-316,GSW,SAS,L (-11),1,36.02,36:02,6,15,0.4,2,5,0.4,0,0,,1,5,6,5,0,1,4,4,14,6.7,-4
37,37,10-11,22-318,GSW,NOH,L (-9),1,39.15,39:15,8,13,0.615,1,3,0.333,3,3,1,0,3,3,6,2,0,5,1,20,15.8,-4
38,38,10-11,22-320,GSW,CHA,L (-8),1,43.13,43:13,8,12,0.667,4,5,0.8,7,7,1,0,3,3,5,2,0,3,5,27,23.2,-3
39,39,10-11,22-322,GSW,UTA,W (+15),1,34.33,34:33,10,18,0.556,3,8,0.375,4,4,1,1,5,6,7,2,1,2,2,27,25.4,13
40,40,10-11,22-326,GSW,MIL,W (+6),1,33.30,33:30,6,11,0.545,2,4,0.5,2,2,1,1,4,5,5,1,1,7,2,16,10,4
41,41,10-11,22-328,GSW,CHI,W (+11),1,44.17,44:17,9,15,0.6,2,4,0.5,3,3,1,1,5,6,8,1,0,2,1,23,22.5,14
42,42,10-11,22-330,GSW,PHO,L (-12),1,44.17,44:17,7,17,0.412,0,6,0,1,1,1,0,2,2,8,1,0,5,1,15,7.7,-12
43,43,10-11,22-332,GSW,DEN,W (+2),1,29.19,29:19,5,9,0.556,1,3,0.333,2,2,1,0,1,1,2,0,0,3,4,13,5.8,-2
44,44,10-11,22-333,GSW,PHO,L (-24),1,24.49,24:49,5,9,0.556,2,3,0.667,0,0,,0,2,2,2,1,0,4,0,12,6.7,-26
45,45,10-11,22-336,GSW,OKC,W (+6),1,37.48,37:48,10,18,0.556,2,5,0.4,1,1,1,0,2,2,13,2,0,0,2,23,25.3,17
46,46,10-11,22-338,GSW,NOH,W (+13),1,24.21,24:21,5,5,1,3,3,1,1,1,1,0,0,0,8,1,0,3,3,14,14.9,13
47,47,10-11,22-339,GSW,UTA,W (+7),1,21.30,21:30,1,7,0.143,0,3,0,2,2,1,0,0,0,4,2,0,1,5,4,1.3,-6
48,48,10-11,22-345,GSW,BOS,L (-22),1,30.03,30:03,7,10,0.7,1,2,0.5,3,5,0.6,0,4,4,2,1,0,5,4,18,10,-15
49,49,10-11,22-348,GSW,ATL,L (-16),1,30.00,30:00,2,7,0.286,0,2,0,3,3,1,1,1,2,5,0,0,3,1,7,4,-27
50,50,10-11,22-350,GSW,MIN,L (-3),1,44.30,44:30,13,21,0.619,5,7,0.714,2,2,1,1,10,11,2,2,0,2,1,33,28.2,4
51,51,10-11,22-352,GSW,IND,L (-9),1,34.53,34:53,7,17,0.412,4,8,0.5,2,2,1,1,5,6,7,0,1,5,5,20,11.7,-19
52,52,10-11,22-353,GSW,WAS,W (+4),1,36.47,36:47,9,18,0.5,3,7,0.429,8,9,0.889,2,7,9,5,1,0,3,2,29,23.8,-8
53,53,10-11,22-355,GSW,BOS,L (-4),1,31.30,31:30,4,11,0.364,1,4,0.25,0,0,,2,1,3,5,0,0,4,3,9,2.9,-8
54,54,10-11,22-357,GSW,PHI,L (-8),1,35.12,35:12,8,16,0.5,1,3,0.333,5,5,1,0,1,1,7,0,2,4,3,22,15.4,6
55,55,10-11,22-359,GSW,CLE,W (+10),1,39.12,39:12,10,18,0.556,2,5,0.4,1,1,1,4,3,7,6,2,1,3,3,23,20.8,20
56,56,10-11,22-360,GSW,NJN,L (-4),1,30.17,30:17,6,15,0.4,2,4,0.5,1,1,1,0,3,3,3,2,0,3,3,15,7.7,-13
57,57,10-11,22-362,GSW,ORL,W (+3),1,39.49,39:49,8,19,0.421,4,10,0.4,2,2,1,0,4,4,12,3,0,5,4,22,17.9,1
58,58,10-11,22-364,GSW,MIN,W (+23),1,37.55,37:55,8,15,0.533,4,6,0.667,4,4,1,1,8,9,6,2,0,1,2,24,24.2,18
59,59,10-11,23-000,GSW,SAC,L (-10),1,23.56,23:56,7,14,0.5,5,8,0.625,0,0,,0,3,3,1,1,1,3,1,19,11.9,-12
60,60,10-11,23-002,GSW,DAL,L (-6),1,32.14,32:14,4,10,0.4,2,4,0.5,0,1,0,0,0,0,5,1,0,3,2,10,4.9,-10
61,61,10-11,23-004,GSW,PHO,L (-11),1,34.40,34:40,6,13,0.462,2,5,0.4,1,1,1,1,1,2,5,0,0,2,3,15,9.6,-18
62,62,10-11,23-006,GSW,DAL,L (-28),1,31.02,31:02,4,12,0.333,1,3,0.333,2,3,0.667,1,5,6,6,0,0,2,4,11,6.6,-8
63,63,10-11,23-007,GSW,SAS,L (-15),1,19.57,19:57,3,8,0.375,1,2,0.5,1,1,1,0,0,0,2,0,0,1,4,8,2.4,-12
64,64,10-11,23-009,GSW,HOU,L (-19),1,29.58,29:58,7,16,0.438,2,3,0.667,0,0,,3,3,6,6,1,0,4,4,16,10.2,-14
65,65,10-11,23-011,GSW,TOR,W (+38),1,36.19,36:19,7,13,0.538,4,6,0.667,5,5,1,0,3,3,8,0,0,3,2,23,19.4,43
66,66,10-11,23-013,GSW,WAS,W (+10),1,28.17,28:17,3,11,0.273,1,4,0.25,3,3,1,1,4,5,4,1,1,5,5,10,2.9,11
67,67,10-11,23-015,GSW,OKC,L (-1),1,48.31,48:31,13,23,0.565,5,8,0.625,4,4,1,1,5,6,5,2,0,6,3,35,24.6,6
68,68,10-11,23-016,GSW,MEM,L (-19),1,31.05,31:05,2,14,0.143,1,6,0.167,1,1,1,4,2,6,9,1,0,6,4,6,0.1,-21
69,69,10-11,23-019,GSW,DAL,W (+7),1,31.31,31:31,3,8,0.375,1,3,0.333,5,5,1,0,4,4,8,2,0,3,5,12,11.4,9
70,70,10-11,23-022,GSW,POR,W (+21),1,42.06,42:06,10,21,0.476,3,5,0.6,5,6,0.833,1,7,8,4,2,1,2,2,28,22.4,20
71,71,10-11,23-023,GSW,LAL,W (+8),1,42.05,42:05,8,23,0.348,2,6,0.333,2,2,1,2,4,6,5,2,0,2,3,20,12,2
72,72,10-11,23-027,GSW,SAC,L (-1),1,32.18,32:18,11,17,0.647,3,6,0.5,2,2,1,3,3,6,8,1,0,3,4,27,24.5,1
73,73,10-11,23-028,GSW,DEN,L (-23),1,35.32,35:32,10,13,0.769,3,4,0.75,4,4,1,1,4,5,5,0,0,5,1,27,21.9,-8
74,74,10-11,23-030,GSW,POR,W (+24),1,24.09,24:09,7,11,0.636,2,4,0.5,2,2,1,0,3,3,9,0,0,1,4,18,17.7,16
1,1,11-12,23-286,GSW,LAC,L (-19),1,33.28,33:28,2,12,0.167,0,4,0,0,1,0,2,3,5,4,2,2,5,4,4,-2.1,-5
2,2,11-12,23-287,GSW,CHI,W (+8),1,37.29,37:29,7,12,0.583,1,3,0.333,6,7,0.857,1,6,7,10,6,0,4,4,21,24.9,11
3,3,11-12,23-292,GSW,PHI,L (-28),1,30.17,30:17,9,15,0.6,3,8,0.375,0,0,,0,4,4,4,0,0,5,3,21,11.9,-22
4,4,11-12,23-294,GSW,PHO,L (-11),1,23.22,23:22,4,8,0.5,2,3,0.667,0,0,,0,2,2,2,1,0,2,5,10,5,-3
5,5,11-12,23-296,GSW,SAS,L (-6),1,30.21,30:21,7,11,0.636,3,4,0.75,3,3,1,0,3,3,8,0,0,2,2,20,18.8,2
6,6,11-12,23-312,GSW,IND,L (-3),1,29.04,29:04,5,15,0.333,2,6,0.333,0,0,,1,1,2,3,0,0,3,2,12,2.8,-4
7,7,11-12,23-315,GSW,MEM,L (-1),1,36.05,36:05,8,18,0.444,2,7,0.286,0,0,,3,3,6,5,3,0,5,3,18,11.9,-7
8,8,11-12,23-317,GSW,POR,W (+8),1,37.54,37:54,12,19,0.632,6,8,0.75,2,3,0.667,0,6,6,7,4,0,1,0,32,32.8,7
9,9,11-12,23-319,GSW,OKC,L (-11),1,27.22,27:22,6,16,0.375,2,7,0.286,1,1,1,0,2,2,6,2,0,4,4,15,7.4,-9
10,10,11-12,23-323,GSW,SAC,W (+3),1,26.00,26:00,1,7,0.143,0,3,0,1,2,0.5,0,3,3,8,1,1,0,1,3,5.9,3
11,11,11-12,23-325,GSW,UTA,W (+18),1,38.15,38:15,10,14,0.714,2,5,0.4,7,8,0.875,0,5,5,12,3,0,3,4,29,31.1,18
12,12,11-12,23-327,GSW,SAC,L (-8),1,29.02,29:02,4,14,0.286,3,8,0.375,0,0,,2,0,2,9,4,0,5,1,11,9.1,-11
13,13,11-12,23-330,GSW,OKC,L (-3),1,42.56,42:56,7,9,0.778,1,2,0.5,1,2,0.5,1,6,7,10,2,0,3,3,16,19.4,13
14,14,11-12,23-332,GSW,DEN,W (+8),1,35.55,35:55,13,17,0.765,6,9,0.667,4,7,0.571,0,7,7,7,0,2,1,3,36,34.3,15
15,15,11-12,23-335,GSW,HOU,W (+9),1,34.09,34:09,5,14,0.357,3,6,0.5,1,1,1,0,0,0,5,2,0,2,4,14,8.1,4
16,16,11-12,23-336,GSW,PHO,W (+6),1,31.53,31:53,3,10,0.3,1,4,0.25,2,2,1,2,5,7,5,1,0,2,2,9,7.8,2
17,17,11-12,23-338,GSW,POR,L (-2),1,37.44,37:44,3,10,0.3,0,2,0,2,2,1,1,2,3,8,2,2,2,2,8,9.7,7
18,18,11-12,23-340,GSW,OKC,L (-23),1,27.56,27:56,4,13,0.308,3,5,0.6,0,0,,1,1,2,4,0,0,4,2,11,2.5,-12
19,19,11-12,23-341,GSW,MEM,L (-1),1,40.14,40:14,13,21,0.619,6,9,0.667,4,4,1,1,1,2,6,2,0,2,5,36,29.7,9
20,20,11-12,23-343,GSW,LAC,W (+7),1,33.16,33:16,3,6,0.5,3,5,0.6,2,2,1,0,3,3,6,0,1,3,3,11,9.6,16
21,21,11-12,23-345,GSW,PHO,W (+2),1,10.00,10:00,3,7,0.429,1,3,0.333,2,2,1,0,0,0,2,2,0,1,1,9,7.3,13
22,22,11-12,23-352,GSW,ATL,W (+3),0,0.03,0:03,0,0,,0,0,,0,0,,0,0,0,0,0,0,0,0,0,0,2
23,23,11-12,23-357,GSW,WAS,W (+20),0,9.18,9:18,5,7,0.714,2,3,0.667,0,0,,0,1,1,1,1,0,0,1,12,10.7,10
24,24,11-12,23-359,GSW,MEM,L (-18),0,24.16,24:16,7,11,0.636,1,2,0.5,0,0,,0,4,4,3,0,0,2,3,15,10.2,4
25,25,11-12,23-362,GSW,DAL,W (+24),1,16.19,16:19,4,7,0.571,2,4,0.5,0,0,,0,2,2,2,1,0,3,0,10,6.7,10
26,26,11-12,23-363,GSW,LAC,W (+4),1,9.13,9:13,0,3,0,0,1,0,0,0,,0,3,3,1,0,0,1,0,0,-1.5,6
1,1,12-13,24-231,GSW,PHO,W (+2),1,30.22,30:22,2,14,0.143,0,6,0,1,3,0.333,3,4,7,3,2,0,4,3,5,-2.6,-2
2,2,12-13,24-233,GSW,MEM,L (-10),1,42.30,42:30,10,20,0.5,6,10,0.6,0,1,0,1,4,5,7,1,0,4,3,26,18.2,-7
3,3,12-13,24-234,GSW,LAC,W (+4),1,43.02,43:02,6,16,0.375,2,7,0.286,9,10,0.9,0,4,4,4,3,0,5,4,23,14.2,6
4,4,12-13,24-236,GSW,SAC,L (-2),1,39.02,39:02,3,15,0.2,2,6,0.333,4,5,0.8,1,5,6,8,1,0,3,2,12,7.3,0
5,5,12-13,24-238,GSW,CLE,W (+10),1,36.28,36:28,8,14,0.571,2,6,0.333,3,3,1,0,5,5,6,2,0,3,3,21,17.9,7
6,6,12-13,24-240,GSW,LAL,L (-24),1,30.16,30:16,6,16,0.375,2,6,0.333,4,4,1,0,3,3,5,1,0,0,0,18,14.6,-19
7,7,12-13,24-241,GSW,DEN,L (-6),1,37.12,37:12,7,17,0.412,3,6,0.5,2,2,1,0,5,5,3,3,0,4,5,19,10.5,-5
8,8,12-13,24-245,GSW,ATL,W (+4),1,32.31,32:31,4,12,0.333,0,5,0,4,4,1,0,1,1,7,3,0,4,3,12,8.2,1
9,9,12-13,24-247,GSW,MIN,W (+8),1,29.09,29:09,7,12,0.583,0,3,0,3,3,1,2,2,4,6,1,1,3,6,17,13.9,19
10,10,12-13,24-249,GSW,OKC,L (-10),1,33.21,33:21,9,17,0.529,4,8,0.5,0,0,,1,1,2,6,0,0,3,2,22,15.1,-11
11,11,12-13,24-250,GSW,DAL,W (+4),1,43.16,43:16,9,21,0.429,3,7,0.429,10,10,1,0,6,6,9,2,0,4,2,31,25.2,3
12,12,12-13,24-252,GSW,BRK,W (+9),1,41.35,41:35,7,13,0.538,2,4,0.5,9,10,0.9,0,6,6,4,0,0,2,2,25,20.1,9
13,13,12-13,24-254,GSW,DEN,L (-11),1,25.46,25:46,2,5,0.4,2,2,1,0,0,,0,1,1,3,0,0,4,4,6,0.1,-18
14,14,12-13,24-255,GSW,MIN,W (+11),1,38.53,38:53,7,19,0.368,5,10,0.5,1,1,1,0,2,2,6,1,0,3,3,20,11.1,22
15,15,12-13,24-260,GSW,DEN,W (+1),1,45.07,45:07,7,17,0.412,4,7,0.571,2,2,1,1,3,4,10,4,0,3,4,20,18.9,2
16,16,12-13,24-262,GSW,IND,W (+11),1,37.07,37:07,7,14,0.5,3,5,0.6,3,3,1,0,1,1,11,2,0,4,4,20,17.4,6
17,17,12-13,24-264,GSW,ORL,L (-8),1,44.12,44:12,9,21,0.429,3,6,0.5,4,5,0.8,1,4,5,11,2,0,1,0,25,24.1,-3
18,18,12-13,24-266,GSW,DET,W (+7),1,37.16,37:16,7,15,0.467,4,6,0.667,4,4,1,0,3,3,10,4,0,1,2,22,24.4,10
19,19,12-13,24-268,GSW,BRK,W (+7),1,42.59,42:59,10,19,0.526,5,9,0.556,3,3,1,1,3,4,5,2,0,0,1,28,25.4,8
20,20,12-13,24-269,GSW,WAS,W (+4),1,35.28,35:28,7,15,0.467,2,8,0.25,6,7,0.857,1,2,3,5,0,0,4,1,22,14.3,-5
21,21,12-13,24-271,GSW,CHA,W (+8),1,36.33,36:33,10,22,0.455,4,7,0.571,3,4,0.75,1,6,7,7,1,0,3,5,27,18.6,3
22,22,12-13,24-273,GSW,MIA,W (+2),1,41.45,41:45,4,10,0.4,1,3,0.333,0,0,,0,3,3,7,2,0,6,0,9,5.4,9
23,23,12-13,24-275,GSW,ORL,L (-14),1,42.54,42:54,8,19,0.421,2,5,0.4,7,8,0.875,1,2,3,3,0,0,1,0,25,16.9,-6
24,24,12-13,24-276,GSW,ATL,W (+22),1,36.12,36:12,6,20,0.3,3,11,0.273,3,3,1,0,8,8,11,3,0,4,1,18,15.1,20
25,25,12-13,24-279,GSW,NOH,W (+7),1,39.17,39:17,5,13,0.385,1,3,0.333,2,2,1,2,3,5,3,0,0,2,2,13,7.5,3
26,26,12-13,24-280,GSW,SAC,L (-4),1,41.46,41:46,11,24,0.458,7,12,0.583,3,3,1,0,6,6,4,1,1,4,6,32,19.5,0
27,27,12-13,24-282,GSW,CHA,W (+15),1,35.41,35:41,9,17,0.529,8,13,0.615,1,1,1,0,3,3,8,0,2,2,2,27,23.8,7
28,28,12-13,24-283,GSW,LAL,L (-3),1,44.31,44:31,8,23,0.348,3,10,0.3,1,1,1,1,7,8,7,4,0,4,4,20,13.2,6
29,29,12-13,24-287,GSW,UTA,W (+11),1,37.51,37:51,7,18,0.389,4,7,0.571,5,6,0.833,2,6,8,7,1,1,2,0,23,20.6,12
30,30,12-13,24-289,GSW,PHI,W (+7),1,39.23,39:23,5,11,0.455,1,4,0.25,0,0,,0,5,5,6,1,0,4,3,11,6.8,7
31,31,12-13,24-290,GSW,BOS,W (+18),1,34.43,34:43,8,13,0.615,4,5,0.8,2,2,1,1,3,4,9,3,2,5,3,22,22.2,19
32,32,12-13,24-294,GSW,LAC,W (+21),1,43.09,43:09,11,16,0.688,6,8,0.75,3,4,0.75,1,5,6,8,2,0,4,3,31,28.4,27
33,33,12-13,24-297,GSW,LAC,L (-26),1,29.00,29:00,4,11,0.364,1,5,0.2,1,1,1,0,0,0,5,0,0,2,0,10,5.4,-31
34,34,12-13,24-301,GSW,MEM,L (-7),1,40.31,40:31,10,22,0.455,4,8,0.5,0,1,0,1,3,4,4,2,0,4,2,24,13.8,-12
35,35,12-13,24-303,GSW,POR,W (+6),1,43.36,43:36,7,22,0.318,3,8,0.375,5,5,1,0,3,3,12,3,1,1,1,22,21,-1
36,36,12-13,24-305,GSW,DEN,L (-11),1,41.01,41:01,11,18,0.611,7,9,0.778,0,0,,0,0,0,7,1,0,1,4,29,24.1,-13
37,,12-13,24-308,GSW,MIA,L (-17),Did Not Play,Did Not Play,Did Not Play,Did Not Play,Did Not Play,Did Not Play,Did Not Play,Did Not Play,Did Not Play,Did Not Play,Did Not Play,Did Not Play,Did Not Play,Did Not Play,Did Not Play,Did Not Play,Did Not Play,Did Not Play,Did Not Play,Did Not Play,Did Not Play,Did Not Play,Did Not Play
38,,12-13,24-310,GSW,SAS,L (-7),Did Not Play,Did Not Play,Did Not Play,Did Not Play,Did Not Play,Did Not Play,Did Not Play,Did Not Play,Did Not Play,Did Not Play,Did Not Play,Did Not Play,Did Not Play,Did Not Play,Did Not Play,Did Not Play,Did Not Play,Did Not Play,Did Not Play,Did Not Play,Did Not Play,Did Not Play,Did Not Play
39,37,12-13,24-311,GSW,NOH,W (+4),1,38.29,38:29,5,17,0.294,2,8,0.25,8,10,0.8,1,2,3,7,4,0,1,2,20,17.7,11
40,38,12-13,24-313,GSW,LAC,W (+7),1,36.38,36:38,9,14,0.643,6,8,0.75,4,4,1,0,3,3,6,0,0,2,4,28,23.3,7
41,39,12-13,24-315,GSW,OKC,W (+5),1,41.36,41:36,11,27,0.407,3,14,0.214,6,6,1,1,2,3,7,4,0,2,1,31,24.3,8
42,40,12-13,24-317,GSW,CHI,L (-16),1,36.39,36:39,7,18,0.389,3,7,0.429,4,4,1,0,1,1,1,0,0,2,1,21,9.8,-15
43,41,12-13,24-318,GSW,MIL,L (-7),1,36.50,36:50,8,19,0.421,5,9,0.556,5,5,1,2,0,2,7,1,0,2,2,26,20.4,-8
44,42,12-13,24-320,GSW,TOR,W (+12),1,26.16,26:16,7,12,0.583,1,3,0.333,2,2,1,1,0,1,5,1,0,2,1,17,14.2,0
45,,12-13,24-321,GSW,CLE,W (+13),Did Not Play,Did Not Play,Did Not Play,Did Not Play,Did Not Play,Did Not Play,Did Not Play,Did Not Play,Did Not Play,Did Not Play,Did Not Play,Did Not Play,Did Not Play,Did Not Play,Did Not Play,Did Not Play,Did Not Play,Did Not Play,Did Not Play,Did Not Play,Did Not Play,Did Not Play,Did Not Play
46,,12-13,24-323,GSW,DAL,W (+3),Inactive,Inactive,Inactive,Inactive,Inactive,Inactive,Inactive,Inactive,Inactive,Inactive,Inactive,Inactive,Inactive,Inactive,Inactive,Inactive,Inactive,Inactive,Inactive,Inactive,Inactive,Inactive,Inactive
47,43,12-13,24-325,GSW,PHO,W (+20),1,42.25,42:25,11,20,0.55,6,10,0.6,1,1,1,0,2,2,8,2,0,2,3,29,24.4,28
48,44,12-13,24-328,GSW,HOU,L (-31),1,28.10,28:10,3,12,0.25,1,5,0.2,0,0,,0,4,4,9,0,1,2,2,7,5.2,-27
49,45,12-13,24-329,GSW,OKC,L (-21),1,36.08,36:08,5,20,0.25,2,7,0.286,2,2,1,3,5,8,11,1,0,6,3,14,7.1,-8
50,46,12-13,24-331,GSW,MEM,L (-6),1,39.54,39:54,11,22,0.5,4,9,0.444,6,6,1,3,2,5,8,2,0,2,4,32,27.7,2
51,47,12-13,24-332,GSW,DAL,L (-25),1,30.45,30:45,8,23,0.348,1,3,0.333,1,1,1,3,4,7,4,1,0,5,2,18,6.4,-22
52,48,12-13,24-335,GSW,HOU,L (-9),1,34.37,34:37,10,19,0.526,2,5,0.4,5,6,0.833,0,5,5,6,1,0,1,4,27,21.4,-3
53,49,12-13,24-342,GSW,UTA,L (-14),1,37.32,37:32,12,22,0.545,4,9,0.444,1,1,1,2,3,5,4,1,0,4,3,29,19.3,-18
54,50,12-13,24-343,GSW,PHO,W (+10),1,40.44,40:44,8,16,0.5,2,6,0.333,2,2,1,0,3,3,11,1,0,2,1,20,19.2,16
55,51,12-13,24-345,GSW,SAS,W (+6),1,44.55,44:55,6,17,0.353,3,9,0.333,4,5,0.8,0,4,4,6,1,0,2,2,19,12.7,0
56,52,12-13,24-347,GSW,MIN,W (+1),1,33.34,33:34,6,15,0.4,1,5,0.2,5,5,1,1,4,5,5,5,0,6,5,18,12.3,1
57,53,12-13,24-349,GSW,IND,L (-11),1,36.43,36:43,14,20,0.7,7,10,0.7,3,4,0.75,0,2,2,4,3,1,6,3,38,29.1,-12
58,54,12-13,24-350,GSW,NYK,L (-4),1,48.00,48:00,18,28,0.643,11,13,0.846,7,7,1,0,6,6,7,3,0,4,3,54,46.1,-4
59,55,12-13,24-352,GSW,BOS,L (-8),1,42.03,42:03,6,22,0.273,3,11,0.273,10,10,1,0,1,1,6,1,0,4,2,25,12.7,7
60,56,12-13,24-353,GSW,PHI,L (-7),1,41.55,41:55,11,20,0.55,3,9,0.333,5,7,0.714,0,3,3,9,3,0,4,2,30,25,2
61,57,12-13,24-355,GSW,TOR,W (+7),1,41.56,41:56,8,16,0.5,2,5,0.4,8,8,1,2,3,5,12,0,0,6,5,26,20.7,1
62,58,12-13,24-357,GSW,SAC,W (+4),1,34.15,34:15,3,11,0.273,2,5,0.4,5,5,1,1,4,5,8,2,0,6,4,13,8.4,-2
63,59,12-13,24-359,GSW,HOU,L (-6),1,42.55,42:55,8,21,0.381,3,8,0.375,5,7,0.714,1,4,5,8,1,0,1,5,24,17.2,-9
64,60,12-13,24-360,GSW,MIL,L (-10),1,39.14,39:14,7,18,0.389,2,6,0.333,0,0,,1,1,2,10,0,0,4,4,16,8.6,-12
65,61,12-13,24-362,GSW,NYK,W (+29),1,36.56,36:56,9,18,0.5,6,10,0.6,2,2,1,1,5,6,3,1,0,2,1,26,19.9,26
66,62,12-13,24-364,GSW,DET,W (+8),1,42.54,42:54,11,17,0.647,5,7,0.714,4,4,1,1,1,2,8,1,0,4,0,31,27.1,15
67,63,12-13,25-001,GSW,CHI,L (-18),1,29.48,29:48,2,13,0.154,0,5,0,4,4,1,0,0,0,4,0,0,1,2,8,0.7,-32
68,64,12-13,25-003,GSW,HOU,W (+30),1,44.32,44:32,12,22,0.545,5,11,0.455,0,0,,0,5,5,11,2,1,3,1,29,26.9,22
69,65,12-13,25-004,GSW,NOH,W (+21),1,38.40,38:40,10,19,0.526,6,9,0.667,4,4,1,1,6,7,3,0,0,7,3,30,17.1,19
70,66,12-13,25-006,GSW,SAS,L (-11),1,35.37,35:37,8,20,0.4,4,8,0.5,4,5,0.8,1,3,4,3,2,0,3,0,24,15.5,-12
71,67,12-13,25-009,GSW,WAS,W (+9),1,31.39,31:39,13,18,0.722,6,10,0.6,3,4,0.75,0,2,2,8,2,0,3,2,35,31.6,9
72,68,12-13,25-011,GSW,LAL,W (+6),1,43.00,43:00,9,24,0.375,3,9,0.333,4,7,0.571,0,7,7,10,0,0,2,4,25,16.1,3
73,69,12-13,25-013,GSW,SAC,L (-7),1,45.35,45:35,5,18,0.278,2,9,0.222,5,6,0.833,2,3,5,12,4,0,3,3,17,16.5,1
74,70,12-13,25-016,GSW,POR,W (+27),1,37.28,37:28,14,22,0.636,7,12,0.583,4,4,1,2,3,5,6,1,0,3,2,39,32.9,15
75,71,12-13,25-020,GSW,NOH,W (+10),1,35.57,35:57,6,14,0.429,4,10,0.4,4,4,1,0,3,3,9,1,0,2,5,20,16.8,14
76,72,12-13,25-022,GSW,PHO,W (+4),1,40.58,40:58,6,15,0.4,3,8,0.375,3,3,1,0,1,1,15,4,0,4,5,18,18.7,14
77,73,12-13,25-024,GSW,UTA,L (-7),1,45.09,45:09,8,19,0.421,4,9,0.444,2,2,1,1,3,4,5,1,0,5,3,22,11.8,-5
78,74,12-13,25-026,GSW,MIN,W (+16),1,39.10,39:10,9,21,0.429,2,9,0.222,4,5,0.8,1,3,4,10,1,1,3,4,24,18.2,12
79,75,12-13,25-028,GSW,OKC,L (-19),1,34.55,34:55,9,18,0.5,3,6,0.5,1,1,1,0,3,3,7,2,0,4,0,22,16.8,-9
80,76,12-13,25-029,GSW,LAL,L (-2),1,44.17,44:17,17,31,0.548,9,15,0.6,4,4,1,3,3,6,9,3,0,1,3,47,42.2,3
81,77,12-13,25-032,GSW,SAS,W (+10),1,38.42,38:42,13,23,0.565,7,13,0.538,2,2,1,1,7,8,5,2,0,3,0,35,29.4,13
82,78,12-13,25-034,GSW,POR,W (+11),1,31.41,31:41,5,16,0.313,4,11,0.364,1,1,1,1,1,2,5,3,0,1,2,15,11.5,9
1,1,13-14,25-230,GSW,LAL,W (+31),1,23.57,23:57,4,10,0.4,2,5,0.4,0,0,,0,4,4,6,1,0,1,4,10,8.4,28
2,2,13-14,25-231,GSW,LAC,L (-11),1,38.29,38:29,14,23,0.609,9,14,0.643,1,1,1,0,3,3,9,0,0,11,3,38,22.5,-8
3,3,13-14,25-233,GSW,SAC,W (+11),1,32.30,32:30,8,13,0.615,5,8,0.625,1,1,1,0,1,1,12,1,0,7,4,22,17.2,18
4,4,13-14,25-235,GSW,PHI,W (+20),1,29.13,29:13,7,16,0.438,2,9,0.222,2,2,1,3,7,10,12,5,1,2,0,18,25.9,34
5,5,13-14,25-237,GSW,MIN,W (+13),1,24.11,24:11,2,8,0.25,0,3,0,1,2,0.5,0,1,1,7,1,0,1,1,5,4.6,3
6,,13-14,25-239,GSW,SAS,L (-2),Did Not Play,Did Not Play,Did Not Play,Did Not Play,Did Not Play,Did Not Play,Did Not Play,Did Not Play,Did Not Play,Did Not Play,Did Not Play,Did Not Play,Did Not Play,Did Not Play,Did Not Play,Did Not Play,Did Not Play,Did Not Play,Did Not Play,Did Not Play,Did Not Play,Did Not Play,Did Not Play
7,6,13-14,25-240,GSW,MEM,L (-18),1,34.22,34:22,7,18,0.389,4,10,0.4,4,4,1,1,1,2,5,3,0,3,1,22,16.3,-9
8,7,13-14,25-243,GSW,DET,W (+18),1,29.00,29:00,7,10,0.7,2,4,0.5,9,9,1,1,1,2,8,1,0,2,4,25,24.8,20
9,8,13-14,25-245,GSW,OKC,W (+1),1,43.07,43:07,8,22,0.364,4,8,0.5,2,3,0.667,0,5,5,9,1,0,2,4,22,14.6,-4
10,9,13-14,25-247,GSW,UTA,W (+14),1,38.31,38:31,7,20,0.35,0,5,0,1,2,0.5,0,3,3,11,1,0,0,1,15,12.6,18
11,10,13-14,25-249,GSW,UTA,W (+11),1,33.15,33:15,7,15,0.467,4,7,0.571,4,4,1,2,4,6,8,3,0,5,4,22,18.9,22
12,,13-14,25-251,GSW,MEM,L (-7),Inactive,Inactive,Inactive,Inactive,Inactive,Inactive,Inactive,Inactive,Inactive,Inactive,Inactive,Inactive,Inactive,Inactive,Inactive,Inactive,Inactive,Inactive,Inactive,Inactive,Inactive,Inactive,Inactive
13,,13-14,25-253,GSW,LAL,L (-7),Inactive,Inactive,Inactive,Inactive,Inactive,Inactive,Inactive,Inactive,Inactive,Inactive,Inactive,Inactive,Inactive,Inactive,Inactive,Inactive,Inactive,Inactive,Inactive,Inactive,Inactive,Inactive,Inactive
14,11,13-14,25-254,GSW,POR,L (-12),1,37.10,37:10,8,21,0.381,2,9,0.222,4,5,0.8,0,3,3,11,1,0,5,1,22,14.3,-6
15,12,13-14,25-257,GSW,NOP,W (+1),1,42.05,42:05,7,20,0.35,2,5,0.4,0,0,,1,7,8,9,3,1,2,2,16,14.8,-2
16,13,13-14,25-258,GSW,DAL,L (-4),1,42.24,42:24,9,19,0.474,6,10,0.6,5,5,1,0,4,4,8,1,0,6,3,29,19.9,-3
17,14,13-14,25-260,GSW,OKC,L (-1),1,44.42,44:42,13,26,0.5,4,10,0.4,2,3,0.667,2,9,11,5,0,0,3,4,32,21.6,7
18,15,13-14,25-262,GSW,SAC,W (+2),1,40.10,40:10,14,24,0.583,5,8,0.625,3,3,1,0,2,2,10,3,1,7,1,36,28.7,1
19,16,13-14,25-264,GSW,TOR,W (+9),1,43.25,43:25,8,15,0.533,3,7,0.429,8,10,0.8,0,3,3,10,5,1,3,1,27,29.1,16
20,17,13-14,25-267,GSW,HOU,L (-22),1,32.28,32:28,5,14,0.357,1,5,0.2,11,11,1,0,1,1,5,3,0,8,4,22,11.4,-12
21,18,13-14,25-268,GSW,MEM,W (+26),1,45.21,45:21,7,16,0.438,2,7,0.286,6,7,0.857,1,5,6,15,0,1,1,4,22,24,21
22,19,13-14,25-270,GSW,CHA,L (-4),1,45.40,45:40,14,32,0.438,5,16,0.313,10,12,0.833,1,5,6,9,0,2,4,4,43,29.7,3
23,20,13-14,25-272,GSW,DAL,W (+2),1,43.56,43:56,13,25,0.52,6,11,0.545,1,1,1,0,4,4,10,3,0,8,3,33,22.7,5
24,21,13-14,25-274,GSW,HOU,L (-4),1,39.07,39:07,5,12,0.417,1,5,0.2,9,11,0.818,0,2,2,9,0,0,6,6,20,11.3,-18
25,22,13-14,25-276,GSW,PHO,L (-4),1,42.22,42:22,8,17,0.471,4,7,0.571,10,11,0.909,0,6,6,7,3,0,6,2,30,23.8,-4
26,23,13-14,25-278,GSW,NOP,W (+11),1,32.40,32:40,11,19,0.579,2,7,0.286,4,4,1,1,3,4,11,3,0,3,3,28,27.2,22
27,24,13-14,25-280,GSW,SAS,L (-2),1,40.22,40:22,12,28,0.429,6,16,0.375,0,0,,0,2,2,15,4,0,5,1,30,24.9,-5
28,25,13-14,25-282,GSW,LAL,W (+19),1,32.46,32:46,5,15,0.333,4,9,0.444,4,4,1,1,5,6,10,3,0,1,2,18,19.9,26
29,26,13-14,25-284,GSW,DEN,W (+8),1,35.14,35:14,5,14,0.357,2,3,0.667,2,4,0.5,0,3,3,7,2,1,2,4,14,10.3,8
30,27,13-14,25-286,GSW,LAC,W (+2),1,42.29,42:29,5,17,0.294,2,6,0.333,3,3,1,1,5,6,11,1,0,2,1,15,13.6,8
31,28,13-14,25-288,GSW,PHO,W (+29),1,33.33,33:33,5,17,0.294,1,6,0.167,3,5,0.6,3,10,13,16,1,0,7,3,14,12.4,27
32,29,13-14,25-290,GSW,CLE,W (+4),1,48.12,48:12,10,23,0.435,5,10,0.5,4,5,0.8,0,9,9,11,2,1,5,3,29,23.4,2
33,30,13-14,25-292,GSW,ORL,W (+13),1,29.35,29:35,4,10,0.4,1,5,0.2,0,0,,0,5,5,8,0,0,6,1,9,4.3,21
34,31,13-14,25-294,GSW,MIA,W (+9),1,43.43,43:43,13,22,0.591,8,15,0.533,2,3,0.667,0,2,2,12,2,0,4,4,36,30.8,16
35,32,13-14,25-295,GSW,ATL,W (+1),1,34.39,34:39,7,15,0.467,1,7,0.143,7,8,0.875,0,8,8,9,5,0,9,5,22,16.6,12
36,33,13-14,25-297,GSW,WAS,W (+16),1,37.38,37:38,5,17,0.294,1,5,0.2,3,3,1,1,2,3,10,1,1,2,5,14,10.1,35
37,34,13-14,25-299,GSW,MIL,W (+21),1,36.14,36:14,5,18,0.278,2,11,0.182,3,4,0.75,0,0,0,6,1,0,7,2,15,1.4,11
38,35,13-14,25-300,GSW,BRK,L (-4),1,45.28,45:28,11,25,0.44,2,10,0.2,10,10,1,0,5,5,7,3,0,7,5,34,21.3,1
39,36,13-14,25-302,GSW,BOS,W (+2),1,40.08,40:08,7,18,0.389,3,8,0.375,2,3,0.667,1,6,7,4,1,0,4,1,19,10.7,5
40,37,13-14,25-307,GSW,DEN,L (-7),1,39.41,39:41,7,19,0.368,4,13,0.308,6,7,0.857,0,5,5,7,0,0,2,4,24,15.9,4
41,38,13-14,25-309,GSW,OKC,L (-6),1,37.57,37:57,11,18,0.611,6,10,0.6,9,11,0.818,2,1,3,11,3,0,7,2,37,32.6,-10
42,39,13-14,25-310,GSW,NOP,W (+10),1,37.49,37:49,10,22,0.455,2,9,0.222,6,6,1,1,5,6,8,4,0,0,2,28,27.6,15
43,40,13-14,25-312,GSW,IND,L (-8),1,41.28,41:28,9,20,0.45,3,11,0.273,3,4,0.75,0,3,3,9,0,0,2,2,24,17.6,-4
44,41,13-14,25-316,GSW,MIN,L (-1),1,36.53,36:53,12,21,0.571,6,10,0.6,3,3,1,1,2,3,15,1,0,5,3,33,29.7,-3
45,42,13-14,25-318,GSW,POR,W (+15),1,34.38,34:38,13,23,0.565,5,8,0.625,7,10,0.7,1,6,7,8,2,0,2,1,38,33.6,12
46,43,13-14,25-320,GSW,WAS,L (-3),1,37.43,37:43,8,23,0.348,2,7,0.286,5,6,0.833,0,2,2,4,4,0,6,5,23,9.1,-9
47,44,13-14,25-322,GSW,LAC,W (+19),1,33.41,33:41,8,10,0.8,4,4,1,2,2,1,0,4,4,7,1,1,3,3,22,21.8,23
48,45,13-14,25-323,GSW,UTA,W (+5),1,38.06,38:06,14,26,0.538,8,13,0.615,8,9,0.889,0,2,2,4,0,0,2,0,44,32.4,15
49,46,13-14,25-327,GSW,CHA,L (-16),1,38.13,38:13,8,18,0.444,1,7,0.143,0,0,,1,2,3,11,0,0,2,2,17,13.8,-18
50,47,13-14,25-329,GSW,CHI,W (+15),1,42.45,42:45,13,19,0.684,4,6,0.667,4,4,1,0,3,3,9,1,0,2,3,34,30.9,12
51,48,13-14,25-331,GSW,PHO,L (-13),1,41.09,41:09,10,20,0.5,3,10,0.3,5,6,0.833,1,1,2,9,0,0,2,2,28,22.1,-15
52,49,13-14,25-333,GSW,PHI,W (+43),1,27.17,27:17,7,11,0.636,6,9,0.667,3,3,1,2,3,5,8,1,0,7,3,23,18.8,34
53,50,13-14,25-335,GSW,MIA,L (-1),1,39.13,39:13,8,14,0.571,4,4,1,9,9,1,1,4,5,7,1,0,5,3,29,24,4
54,51,13-14,25-342,GSW,SAC,W (+9),1,35.51,35:51,5,14,0.357,1,4,0.25,2,3,0.667,0,1,1,8,1,0,0,2,13,10.9,12
55,52,13-14,25-343,GSW,HOU,W (+3),1,38.26,38:26,8,15,0.533,5,8,0.625,4,4,1,0,2,2,6,2,0,2,5,25,20.5,13
56,53,13-14,25-345,GSW,BRK,W (+7),1,31.58,31:58,7,13,0.538,3,4,0.75,0,0,,0,5,5,8,2,0,2,2,17,17,11
57,54,13-14,25-347,GSW,DET,W (+8),1,35.44,35:44,6,15,0.4,3,9,0.333,4,5,0.8,3,5,8,9,0,0,4,0,19,16.4,-2
58,55,13-14,25-349,GSW,CHI,L (-20),1,28.19,28:19,2,10,0.2,1,5,0.2,0,0,,0,3,3,5,0,0,5,0,5,-1.8,-12
59,56,13-14,25-351,GSW,NYK,W (+23),1,30.18,30:18,9,19,0.474,5,11,0.455,4,4,1,2,9,11,11,0,1,4,2,27,25,19
60,57,13-14,25-353,GSW,TOR,L (-6),1,43.12,43:12,13,27,0.481,4,11,0.364,4,6,0.667,1,3,4,7,1,0,6,3,34,19.8,-1
61,58,13-14,25-355,GSW,IND,W (+2),1,31.59,31:59,7,18,0.389,2,5,0.4,3,3,1,1,7,8,6,2,0,4,5,19,12.2,-7
62,59,13-14,25-356,GSW,BOS,W (+20),1,21.51,21:51,6,10,0.6,1,4,0.25,1,1,1,0,3,3,4,1,0,0,3,14,12.9,28
63,60,13-14,25-358,GSW,ATL,W (+14),1,30.02,30:02,5,10,0.5,1,4,0.25,2,2,1,0,3,3,7,1,0,0,1,13,14.4,9
64,61,13-14,25-360,GSW,PHO,W (+6),1,30.16,30:16,7,16,0.438,1,5,0.2,3,3,1,0,2,2,9,0,0,1,1,18,15.1,11
65,62,13-14,25-362,GSW,DAL,W (+23),1,22.17,22:17,4,12,0.333,1,5,0.2,1,1,1,0,2,2,4,3,0,3,1,10,6.2,-3
66,63,13-14,25-363,GSW,LAC,L (-13),1,29.18,29:18,5,11,0.455,2,5,0.4,1,1,1,1,4,5,11,1,0,4,3,13,12.7,3
67,64,13-14,26-000,GSW,CLE,L (-9),1,36.01,36:01,8,17,0.471,5,10,0.5,6,7,0.857,0,4,4,8,3,0,4,1,27,23.3,3
68,65,13-14,26-002,GSW,POR,W (+1),1,40.08,40:08,11,24,0.458,6,12,0.5,9,9,1,0,4,4,5,1,0,5,4,37,23.7,-5
69,66,13-14,26-004,GSW,ORL,W (+14),1,31.46,31:46,9,13,0.692,3,6,0.5,2,2,1,1,2,3,5,0,0,3,1,23,18.9,21
70,67,13-14,26-006,GSW,MIL,W (+5),1,38.04,38:04,9,14,0.643,3,5,0.6,10,10,1,1,2,3,10,1,0,4,2,31,29.3,13
71,68,13-14,26-008,GSW,SAS,L (-9),1,39.25,39:25,5,13,0.385,1,4,0.25,9,9,1,0,6,6,6,1,0,6,0,20,13.9,-7
72,69,13-14,26-014,GSW,MEM,W (+7),1,38.03,38:03,13,22,0.591,5,8,0.625,2,3,0.667,1,4,5,8,1,2,3,1,33,28.9,9
73,70,13-14,26-016,GSW,NYK,L (-5),1,40.46,40:46,10,21,0.476,6,12,0.5,6,8,0.75,1,3,4,1,1,0,2,2,32,21,5
74,71,13-14,26-018,GSW,DAL,W (+2),1,43.07,43:07,10,17,0.588,3,8,0.375,0,0,,1,2,3,10,2,0,1,2,23,23.6,8
75,72,13-14,26-019,GSW,SAS,L (-21),1,30.43,30:43,5,15,0.333,1,4,0.25,0,0,,0,0,0,10,1,0,4,2,11,5.7,-19
76,73,13-14,26-021,GSW,SAC,W (+33),1,28.33,28:33,5,12,0.417,2,5,0.4,1,1,1,1,1,2,5,1,0,1,2,13,10.3,28
77,74,13-14,26-023,GSW,UTA,W (+28),1,29.28,29:28,12,18,0.667,5,10,0.5,2,2,1,0,1,1,16,3,0,5,2,31,31.9,31
78,75,13-14,26-027,GSW,DEN,L (-1),1,33.32,33:32,8,19,0.421,2,7,0.286,6,6,1,0,7,7,6,4,0,2,1,24,21.8,-3
79,76,13-14,26-028,GSW,LAL,W (+17),1,34.43,34:43,12,20,0.6,4,5,0.8,2,2,1,0,10,10,12,2,0,6,3,30,27,13
80,77,13-14,26-030,GSW,POR,L (-2),1,45.26,45:26,16,29,0.552,7,14,0.5,8,8,1,1,0,1,5,4,0,4,3,47,36.1,6
81,78,13-14,26-031,GSW,MIN,W (+10),1,41.57,41:57,10,21,0.476,7,13,0.538,5,5,1,1,4,5,15,3,0,5,4,32,30.1,10
82,,13-14,26-033,GSW,DEN,W (+4),Did Not Play,Did Not Play,Did Not Play,Did Not Play,Did Not Play,Did Not Play,Did Not Play,Did Not Play,Did Not Play,Did Not Play,Did Not Play,Did Not Play,Did Not Play,Did Not Play,Did Not Play,Did Not Play,Did Not Play,Did Not Play,Did Not Play,Did Not Play,Did Not Play,Did Not Play,Did Not Play
1,1,14-15,26-229,GSW,SAC,W (+18),1,36.32,36:32,7,17,0.412,2,9,0.222,8,9,0.889,1,9,10,5,6,0,4,5,24,21.4,20
2,2,14-15,26-232,GSW,LAL,W (+23),1,34.06,34:06,10,19,0.526,3,8,0.375,8,8,1,0,5,5,10,3,0,2,3,31,30,30
3,3,14-15,26-233,GSW,POR,W (+5),1,30.50,30:50,6,18,0.333,1,5,0.2,8,8,1,1,4,5,6,2,0,3,1,21,15.5,12
4,4,14-15,26-236,GSW,LAC,W (+17),1,33.49,33:49,9,18,0.5,4,8,0.5,6,6,1,0,6,6,7,1,0,5,4,28,20.1,21
5,5,14-15,26-239,GSW,HOU,W (+11),1,39.58,39:58,13,19,0.684,6,9,0.667,2,2,1,1,8,9,5,4,0,5,2,34,30.7,13
6,6,14-15,26-240,GSW,PHO,L (-12),1,34.04,34:04,10,20,0.5,4,10,0.4,4,4,1,0,2,2,10,5,0,10,5,28,18.6,-6
7,7,14-15,26-242,GSW,SAS,L (-13),1,35.46,35:46,7,18,0.389,0,7,0,2,2,1,0,6,6,5,0,0,3,2,16,7.7,-18
8,8,14-15,26-244,GSW,BRK,W (+8),1,31.56,31:56,6,12,0.5,3,7,0.429,2,2,1,1,2,3,5,0,0,3,5,17,10.8,6
9,9,14-15,26-246,GSW,CHO,W (+25),1,28.18,28:18,8,15,0.533,3,6,0.5,0,1,0,2,3,5,9,1,0,1,3,19,18.7,23
10,10,14-15,26-247,GSW,LAL,W (+21),1,29.56,29:56,10,19,0.526,5,9,0.556,5,5,1,0,4,4,15,1,0,3,0,30,30.4,27
11,11,14-15,26-252,GSW,UTA,W (+13),1,24.30,24:30,3,9,0.333,2,6,0.333,0,0,,0,5,5,10,2,0,4,2,8,8.6,23
12,12,14-15,26-254,GSW,OKC,W (+5),1,38.07,38:07,5,15,0.333,2,6,0.333,3,4,0.75,0,6,6,6,1,0,1,0,15,12.1,2
13,13,14-15,26-256,GSW,MIA,W (+17),1,37.05,37:05,12,19,0.632,8,11,0.727,8,9,0.889,0,6,6,7,3,1,2,2,40,38.7,28
14,14,14-15,26-257,GSW,ORL,W (+15),1,23.38,23:38,9,13,0.692,6,8,0.75,4,5,0.8,1,4,5,8,0,0,1,1,28,28.2,22
15,15,14-15,26-259,GSW,CHO,W (+5),1,32.20,32:20,9,20,0.45,1,10,0.1,7,7,1,1,3,4,6,1,2,4,4,26,18.2,16
16,16,14-15,26-261,GSW,DET,W (+11),1,28.22,28:22,5,9,0.556,1,3,0.333,5,6,0.833,1,2,3,10,1,0,1,2,16,18.8,11
17,17,14-15,26-263,GSW,ORL,W (+1),1,36.27,36:27,8,17,0.471,3,9,0.333,3,3,1,1,3,4,5,0,0,4,2,22,13.6,8
18,18,14-15,26-265,GSW,NOP,W (+27),1,30.37,30:37,8,17,0.471,3,6,0.5,0,0,,0,3,3,11,4,1,2,0,19,21.6,11
19,19,14-15,26-267,GSW,CHI,W (+10),1,36.11,36:11,5,14,0.357,1,5,0.2,8,9,0.889,1,5,6,7,1,0,3,2,19,15.1,7
20,20,14-15,26-269,GSW,MIN,W (+16),1,31.20,31:20,10,20,0.5,1,7,0.143,0,0,,1,3,4,7,3,1,3,3,21,17,22
21,21,14-15,26-271,GSW,HOU,W (+12),1,37.27,37:27,8,15,0.533,3,5,0.6,1,1,1,1,6,7,7,0,0,4,3,20,14.9,16
22,22,14-15,26-274,GSW,DAL,W (+7),1,37.11,37:11,9,22,0.409,3,11,0.273,8,9,0.889,0,3,3,8,2,0,1,1,29,23.9,13
23,23,14-15,26-275,GSW,NOP,W (+6),1,39.55,39:55,11,21,0.524,6,10,0.6,6,6,1,0,7,7,7,1,0,6,1,34,25.3,5
24,24,14-15,26-277,GSW,MEM,L (-7),1,38.57,38:57,9,25,0.36,1,10,0.1,0,0,,0,7,7,6,4,0,3,2,19,11.6,16
25,25,14-15,26-279,GSW,OKC,W (+5),1,41.31,41:31,14,24,0.583,5,12,0.417,1,1,1,4,3,7,9,4,1,4,0,34,33.5,7
26,26,14-15,26-283,GSW,SAC,W (+20),1,26.18,26:18,5,12,0.417,1,5,0.2,1,1,1,0,2,2,11,3,0,1,1,12,15.5,15
27,27,14-15,26-284,GSW,LAL,L (-10),1,29.58,29:58,10,14,0.714,2,5,0.4,0,0,,0,2,2,6,3,0,7,0,22,17,-10
28,28,14-15,26-286,GSW,LAC,L (-14),1,35.59,35:59,5,12,0.417,1,5,0.2,3,4,0.75,2,7,9,7,2,0,5,3,14,11.4,-11
29,29,14-15,26-288,GSW,MIN,W (+13),1,30.32,30:32,9,18,0.5,4,9,0.444,3,4,0.75,1,2,3,6,3,0,3,3,25,19.9,18
30,30,14-15,26-291,GSW,PHI,W (+40),1,26.43,26:43,4,7,0.571,3,6,0.5,2,2,1,0,3,3,9,3,0,3,3,13,15.7,28
31,31,14-15,26-294,GSW,TOR,W (+21),1,33.54,33:54,10,18,0.556,5,11,0.455,7,7,1,2,3,5,12,1,0,0,3,32,33.9,25
32,32,14-15,26-297,GSW,OKC,W (+26),1,31.17,31:17,7,14,0.5,1,4,0.25,4,4,1,0,9,9,6,4,0,2,2,19,20.1,15
33,33,14-15,26-299,GSW,IND,W (+15),1,34.47,34:47,8,17,0.471,4,8,0.5,1,1,1,0,3,3,15,4,0,5,5,21,20.7,12
34,34,14-15,26-301,GSW,CLE,W (+18),1,35.00,35:00,8,15,0.533,3,8,0.375,4,4,1,0,1,1,10,2,0,1,1,23,23.6,10
35,35,14-15,26-305,GSW,UTA,W (+11),1,29.13,29:13,10,16,0.625,4,9,0.444,3,3,1,0,2,2,11,0,0,2,2,27,25.3,17
36,36,14-15,26-306,GSW,MIA,W (+15),1,32.06,32:06,11,19,0.579,7,10,0.7,3,5,0.6,2,3,5,3,2,0,3,1,32,25.3,11
37,37,14-15,26-308,GSW,OKC,L (-12),1,31.12,31:12,6,13,0.462,2,6,0.333,5,5,1,0,3,3,6,2,0,6,2,19,12.6,-4
38,38,14-15,26-309,GSW,HOU,W (+25),1,33.00,33:00,9,18,0.5,2,8,0.25,7,8,0.875,3,4,7,11,3,1,2,0,27,30.3,25
39,39,14-15,26-311,GSW,DEN,W (+43),1,25.14,25:14,7,13,0.538,2,5,0.4,4,4,1,1,0,1,8,1,2,1,2,20,20.6,18
40,40,14-15,26-313,GSW,HOU,W (+13),1,33.39,33:39,7,12,0.583,3,5,0.6,5,6,0.833,2,1,3,10,1,0,6,3,22,18.5,23
41,41,14-15,26-315,GSW,SAC,W (+25),1,29.03,29:03,3,11,0.273,2,7,0.286,2,2,1,1,3,4,11,2,0,6,0,10,8.8,20
42,42,14-15,26-317,GSW,BOS,W (+3),1,33.03,33:03,6,16,0.375,1,5,0.2,9,9,1,0,4,4,11,2,0,3,1,22,20.7,6
43,43,14-15,26-319,GSW,CHI,L (-2),1,42.58,42:58,9,23,0.391,2,9,0.222,1,1,1,0,4,4,9,3,0,3,3,21,14.8,-3
44,44,14-15,26-322,GSW,UTA,L (-10),1,33.59,33:59,10,22,0.455,5,11,0.455,7,9,0.778,1,6,7,6,3,0,2,1,32,27.1,-11
45,45,14-15,26-323,GSW,PHO,W (+19),1,37.26,37:26,9,23,0.391,4,9,0.444,3,3,1,1,3,4,7,2,1,1,2,25,19.9,23
46,46,14-15,26-326,GSW,SAC,W (+25),1,28.34,28:34,6,15,0.4,2,6,0.333,9,10,0.9,0,5,5,9,3,0,2,2,23,22.5,7
47,47,14-15,26-327,GSW,DAL,W (+14),1,36.57,36:57,16,26,0.615,10,16,0.625,9,11,0.818,0,4,4,4,1,0,3,3,51,39.2,0
48,48,14-15,26-329,GSW,ATL,L (-8),1,36.12,36:12,8,19,0.421,4,9,0.444,6,7,0.857,0,2,2,9,2,2,1,3,26,23.6,-5
49,49,14-15,26-330,GSW,NYK,W (+14),1,31.19,31:19,8,18,0.444,5,9,0.556,1,3,0.333,2,4,6,0,2,0,3,0,22,13.4,21
50,50,14-15,26-332,GSW,PHI,W (+5),1,31.45,31:45,7,20,0.35,3,12,0.25,3,4,0.75,0,5,5,6,3,0,1,2,20,15.3,0
51,51,14-15,26-334,GSW,MIN,W (+3),1,35.30,35:30,9,23,0.391,2,10,0.2,5,5,1,2,3,5,8,3,0,3,1,25,20,0
52,52,14-15,26-343,GSW,SAS,W (+11),1,31.53,31:53,8,17,0.471,4,8,0.5,5,5,1,0,4,4,11,4,0,2,2,25,26.4,22
53,,14-15,26-345,GSW,IND,L (-6),Did Not Play,Did Not Play,Did Not Play,Did Not Play,Did Not Play,Did Not Play,Did Not Play,Did Not Play,Did Not Play,Did Not Play,Did Not Play,Did Not Play,Did Not Play,Did Not Play,Did Not Play,Did Not Play,Did Not Play,Did Not Play,Did Not Play,Did Not Play,Did Not Play,Did Not Play,Did Not Play
54,53,14-15,26-347,GSW,WAS,W (+7),1,33.49,33:49,11,18,0.611,5,9,0.556,5,5,1,0,0,0,8,2,0,0,1,32,31,1
55,54,14-15,26-349,GSW,CLE,L (-11),1,33.50,33:50,5,17,0.294,3,9,0.333,5,5,1,0,3,3,6,1,0,4,3,18,9,-10
56,55,14-15,26-350,GSW,TOR,W (+24),1,25.01,25:01,8,13,0.615,3,4,0.75,3,3,1,3,3,6,5,2,0,2,0,22,22.6,33
57,56,14-15,26-352,GSW,BOS,W (+5),1,37.38,37:38,14,22,0.636,5,8,0.625,4,4,1,0,4,4,5,1,0,5,1,37,27.5,8
58,57,14-15,26-353,GSW,BRK,L (-2),1,29.16,29:16,8,16,0.5,6,12,0.5,4,4,1,0,2,2,7,1,0,4,4,26,18.9,1
59,58,14-15,26-355,GSW,MIL,W (+9),1,36.35,36:35,6,16,0.375,6,13,0.462,1,2,0.5,0,1,1,11,2,2,5,3,19,15,6
60,59,14-15,26-357,GSW,DAL,W (+15),1,30.53,30:53,6,11,0.545,5,8,0.625,5,6,0.833,0,2,2,7,2,1,3,2,22,20.7,23
61,60,14-15,26-359,GSW,LAC,W (+8),1,31.58,31:58,3,9,0.333,2,2,1,4,4,1,0,1,1,4,3,0,4,1,12,8.6,15
62,61,14-15,26-360,GSW,PHO,W (+18),1,35.46,35:46,14,24,0.583,7,13,0.538,1,2,0.5,3,3,6,5,4,0,4,3,36,29.7,23
63,62,14-15,26-362,GSW,DET,W (+7),1,33.57,33:57,4,15,0.267,1,7,0.143,0,0,,1,4,5,11,1,0,3,1,9,7.3,8
64,,14-15,26-364,GSW,DEN,L (-11),Did Not Play,Did Not Play,Did Not Play,Did Not Play,Did Not Play,Did Not Play,Did Not Play,Did Not Play,Did Not Play,Did Not Play,Did Not Play,Did Not Play,Did Not Play,Did Not Play,Did Not Play,Did Not Play,Did Not Play,Did Not Play,Did Not Play,Did Not Play,Did Not Play,Did Not Play,Did Not Play
65,63,14-15,27-000,GSW,NYK,W (+31),1,26.56,26:56,8,15,0.533,6,10,0.6,3,3,1,0,3,3,11,3,0,1,2,25,27.5,30
66,64,14-15,27-002,GSW,LAL,W (+3),1,32.40,32:40,5,14,0.357,2,6,0.333,7,7,1,0,4,4,9,3,0,6,2,19,14.9,-2
67,65,14-15,27-004,GSW,ATL,W (+19),1,29.41,29:41,4,11,0.364,2,6,0.333,6,6,1,1,3,4,12,0,0,4,1,16,15.5,16
68,66,14-15,27-006,GSW,NOP,W (+16),1,27.02,27:02,4,17,0.235,2,10,0.2,6,6,1,0,2,2,11,0,0,3,0,16,11,11
69,67,14-15,27-007,GSW,UTA,W (+15),1,32.14,32:14,8,18,0.444,3,6,0.5,5,5,1,1,2,3,3,3,0,0,0,24,21,12
70,68,14-15,27-009,GSW,WAS,W (+31),1,28.16,28:16,8,14,0.571,5,8,0.625,3,3,1,1,4,5,6,2,0,2,1,24,23.1,30
71,69,14-15,27-010,GSW,POR,W (+14),1,35.26,35:26,13,22,0.591,5,9,0.556,2,2,1,0,2,2,10,1,0,2,2,33,28.6,12
72,70,14-15,27-013,GSW,MEM,W (+23),1,34.14,34:14,12,22,0.545,8,12,0.667,6,6,1,1,2,3,10,3,1,4,3,38,34.2,26
73,71,14-15,27-014,GSW,MIL,W (+13),1,30.24,30:24,8,13,0.615,6,9,0.667,3,3,1,0,4,4,6,1,0,6,4,25,17.9,-1
74,72,14-15,27-017,GSW,LAC,W (+4),1,36.11,36:11,8,15,0.533,4,6,0.667,7,7,1,1,0,1,4,1,0,3,3,27,20,-1
75,73,14-15,27-019,GSW,PHO,W (+1),1,33.32,33:32,10,22,0.455,6,11,0.545,2,2,1,1,7,8,5,0,0,6,3,28,15.7,-1
76,74,14-15,27-021,GSW,DAL,W (+13),1,27.27,27:27,4,12,0.333,1,4,0.25,2,3,0.667,2,2,4,3,1,0,1,1,11,7.5,9
77,75,14-15,27-022,GSW,SAS,L (-15),1,30.03,30:03,9,17,0.529,5,10,0.5,1,2,0.5,0,4,4,6,1,0,4,2,24,16.9,-16
78,76,14-15,27-024,GSW,NOP,L (-3),1,34.45,34:45,9,18,0.5,5,8,0.625,2,2,1,1,5,6,9,1,0,2,3,25,22.3,4
79,77,14-15,27-026,GSW,POR,W (+11),1,35.13,35:13,17,23,0.739,8,13,0.615,3,3,1,1,1,2,10,0,0,4,2,45,38.9,21
80,78,14-15,27-028,GSW,MIN,W (+9),1,35.26,35:26,11,21,0.524,5,11,0.455,7,8,0.875,0,4,4,7,4,0,3,1,34,30,17
81,79,14-15,27-030,GSW,MEM,W (+4),1,29.17,29:17,6,10,0.6,3,6,0.5,0,0,,0,4,4,8,1,0,3,2,15,14.4,24
82,80,14-15,27-032,GSW,DEN,W (+7),1,19.20,19:20,4,10,0.4,2,4,0.5,0,0,,2,2,4,7,5,0,2,1,10,14.1,14
1,1,15-16,27-227,GSW,NOP,W (+16),1,35.37,35:37,14,26,0.538,5,12,0.417,7,7,1,3,3,6,7,2,0,2,1,40,34.9,12
2,2,15-16,27-230,GSW,HOU,W (+20),1,27.24,27:24,9,15,0.6,4,9,0.444,3,4,0.75,0,7,7,6,1,0,1,4,25,22.4,12
3,3,15-16,27-231,GSW,NOP,W (+14),1,35.38,35:38,17,27,0.63,8,14,0.571,11,11,1,0,4,4,9,4,0,2,3,53,49.2,16
4,4,15-16,27-233,GSW,MEM,W (+50),1,28.24,28:24,10,16,0.625,4,8,0.5,6,6,1,1,2,3,3,3,1,3,2,30,26.1,37
5,5,15-16,27-235,GSW,LAC,W (+4),1,32.38,32:38,8,17,0.471,7,11,0.636,8,9,0.889,0,5,5,4,1,0,0,3,31,26,7
6,6,15-16,27-237,GSW,DEN,W (+15),1,34.39,34:39,12,22,0.545,8,16,0.5,2,3,0.667,0,7,7,10,3,1,4,1,34,31.4,14
7,7,15-16,27-238,GSW,SAC,W (+9),1,39.08,39:08,8,18,0.444,2,10,0.2,6,7,0.857,1,5,6,3,2,0,6,1,24,14.1,6
8,8,15-16,27-240,GSW,DET,W (+14),1,36.50,36:50,7,18,0.389,3,7,0.429,5,6,0.833,1,4,5,5,3,0,5,1,22,14.8,12
9,9,15-16,27-242,GSW,MEM,W (+16),1,34.30,34:30,9,21,0.429,3,10,0.3,7,7,1,0,5,5,5,5,1,4,1,28,23.2,16
10,10,15-16,27-243,GSW,MIN,W (+13),1,37.42,37:42,15,25,0.6,8,13,0.615,8,8,1,0,5,5,4,2,0,3,3,46,36.6,21
11,11,15-16,27-245,GSW,BRK,W (+8),1,43.44,43:44,13,31,0.419,5,16,0.313,3,3,1,0,3,3,6,1,0,4,1,34,19.2,3
12,12,15-16,27-248,GSW,TOR,W (+5),1,39.35,39:35,13,23,0.565,5,10,0.5,6,7,0.857,0,2,2,9,2,0,7,1,37,27.2,11
13,13,15-16,27-250,GSW,LAC,W (+7),1,36.46,36:46,11,22,0.5,6,14,0.429,12,12,1,0,11,11,4,3,0,7,2,40,30.3,12
14,14,15-16,27-251,GSW,CHI,W (+12),1,36.05,36:05,9,20,0.45,3,11,0.273,6,6,1,1,4,5,4,4,0,6,2,27,18.5,11
15,15,15-16,27-253,GSW,DEN,W (+13),1,27.37,27:37,8,16,0.5,3,8,0.375,0,0,,0,4,4,7,3,0,4,0,19,16.1,11
16,16,15-16,27-255,GSW,LAL,W (+34),1,30.10,30:10,10,21,0.476,4,12,0.333,0,0,,0,4,4,9,2,0,0,1,24,22.4,36
17,17,15-16,27-258,GSW,PHO,W (+19),1,30.39,30:39,11,20,0.55,9,16,0.563,10,11,0.909,1,5,6,8,2,0,6,2,41,34,27
18,18,15-16,27-259,GSW,SAC,W (+19),1,29.48,29:48,4,7,0.571,3,6,0.5,8,8,1,0,4,4,6,3,0,1,1,19,22.7,19
19,19,15-16,27-261,GSW,UTA,W (+3),1,37.16,37:16,9,20,0.45,4,8,0.5,4,4,1,2,4,6,5,2,0,2,2,26,20.9,12
20,20,15-16,27-263,GSW,CHO,W (+17),1,30.49,30:49,14,18,0.778,8,11,0.727,4,4,1,0,3,3,5,0,0,5,2,40,31.6,19
21,21,15-16,27-266,GSW,TOR,W (+3),1,37.51,37:51,14,24,0.583,9,15,0.6,7,9,0.778,1,1,2,7,0,0,3,4,44,33.3,15
22,22,15-16,27-267,GSW,BRK,W (+16),1,32.14,32:14,11,17,0.647,5,9,0.556,1,4,0.25,0,5,5,2,1,0,4,2,28,18.4,10
23,23,15-16,27-269,GSW,IND,W (+8),1,35.39,35:39,11,23,0.478,3,10,0.3,4,6,0.667,0,7,7,10,3,0,4,1,29,24.2,18
24,24,15-16,27-272,GSW,BOS,W (+5),1,46.55,46:55,9,27,0.333,6,13,0.462,14,14,1,3,8,11,8,2,0,8,4,38,25.2,15
25,25,15-16,27-273,GSW,MIL,L (-13),1,35.14,35:14,10,22,0.455,2,9,0.222,6,7,0.857,2,5,7,5,1,0,2,2,28,20.8,0
26,26,15-16,27-277,GSW,PHO,W (+25),1,29.35,29:35,10,14,0.714,2,5,0.4,3,5,0.6,0,2,2,7,1,0,3,4,25,20.3,37
27,27,15-16,27-279,GSW,MIL,W (+9),1,39.20,39:20,7,14,0.5,2,6,0.333,10,11,0.909,2,8,10,9,2,0,6,2,26,23.9,13
28,28,15-16,27-284,GSW,UTA,W (+18),1,34.13,34:13,5,14,0.357,2,8,0.25,4,4,1,1,4,5,9,3,0,3,2,16,15.6,21
29,29,15-16,27-286,GSW,CLE,W (+6),1,36.35,36:35,6,15,0.4,1,4,0.25,6,6,1,1,6,7,7,2,0,3,3,19,16.1,15
30,30,15-16,27-289,GSW,SAC,W (+19),1,30.22,30:22,7,16,0.438,6,13,0.462,3,4,0.75,0,14,14,10,2,0,2,3,23,24.2,24
31,,15-16,27-291,GSW,DAL,L (-23),Did Not Play,Did Not Play,Did Not Play,Did Not Play,Did Not Play,Did Not Play,Did Not Play,Did Not Play,Did Not Play,Did Not Play,Did Not Play,Did Not Play,Did Not Play,Did Not Play,Did Not Play,Did Not Play,Did Not Play,Did Not Play,Did Not Play,Did Not Play,Did Not Play,Did Not Play,Did Not Play
32,,15-16,27-292,GSW,HOU,W (+4),Did Not Play,Did Not Play,Did Not Play,Did Not Play,Did Not Play,Did Not Play,Did Not Play,Did Not Play,Did Not Play,Did Not Play,Did Not Play,Did Not Play,Did Not Play,Did Not Play,Did Not Play,Did Not Play,Did Not Play,Did Not Play,Did Not Play,Did Not Play,Did Not Play,Did Not Play,Did Not Play
33,31,15-16,27-294,GSW,DEN,W (+3),1,14.23,14:23,2,6,0.333,1,5,0.2,0,0,,0,1,1,4,2,0,2,1,5,4.3,12
34,32,15-16,27-296,GSW,CHO,W (+10),1,31.51,31:51,12,21,0.571,5,10,0.5,1,1,1,0,3,3,4,2,0,2,4,30,22.2,1
35,33,15-16,27-297,GSW,LAL,W (+21),1,26.08,26:08,6,13,0.462,4,8,0.5,1,1,1,1,0,1,6,3,0,3,2,17,14.4,28
36,34,15-16,27-300,GSW,POR,W (+20),1,28.50,28:50,8,18,0.444,4,11,0.364,6,6,1,0,3,3,9,1,0,1,2,26,23,22
37,35,15-16,27-301,GSW,SAC,W (+12),1,37.54,37:54,12,21,0.571,8,14,0.571,6,7,0.857,1,5,6,11,1,1,4,3,38,34.1,16
38,36,15-16,27-303,GSW,MIA,W (+8),1,37.34,37:34,11,27,0.407,4,11,0.364,5,6,0.833,0,2,2,6,1,0,1,2,31,20.1,-3
39,37,15-16,27-305,GSW,DEN,L (-2),1,39.48,39:48,13,25,0.52,5,12,0.417,7,7,1,2,3,5,9,3,1,8,1,38,29.6,-4
40,38,15-16,27-306,GSW,LAL,W (+18),1,29.31,29:31,9,18,0.5,8,16,0.5,0,0,,2,4,6,3,1,0,3,3,26,18.5,14
41,39,15-16,27-308,GSW,DET,L (-18),1,36.55,36:55,13,26,0.5,7,15,0.467,5,6,0.833,1,6,7,5,2,0,2,1,38,30.2,2
42,40,15-16,27-310,GSW,CLE,W (+34),1,28.03,28:03,12,18,0.667,7,12,0.583,4,4,1,2,3,5,4,3,0,1,3,35,33.1,34
43,41,15-16,27-312,GSW,CHI,W (+31),1,33.45,33:45,8,18,0.444,3,9,0.333,6,6,1,1,6,7,11,2,1,2,2,25,25.7,36
44,42,15-16,27-314,GSW,IND,W (+12),1,36.49,36:49,11,19,0.579,8,15,0.533,9,9,1,2,8,10,12,1,0,2,1,39,40.9,22
45,43,15-16,27-317,GSW,SAS,W (+30),1,28.21,28:21,12,20,0.6,6,9,0.667,7,7,1,1,1,2,3,5,0,1,0,37,34.9,23
46,44,15-16,27-319,GSW,DAL,W (+20),1,31.48,31:48,4,11,0.364,3,7,0.429,3,3,1,1,1,2,9,3,1,0,2,14,18.1,26
47,45,15-16,27-322,GSW,PHI,W (+3),1,34.12,34:12,9,19,0.474,5,11,0.455,0,0,,2,3,5,6,1,2,8,3,23,13,8
48,46,15-16,27-323,GSW,NYK,W (+21),1,31.59,31:59,5,17,0.294,3,11,0.273,0,0,,0,4,4,4,3,0,3,1,13,6.7,10
49,47,15-16,27-326,GSW,WAS,W (+13),1,35.41,35:41,19,28,0.679,11,15,0.733,2,3,0.667,1,6,7,2,3,0,7,3,51,37.3,20
50,48,15-16,27-329,GSW,OKC,W (+8),1,37.42,37:42,10,26,0.385,1,9,0.111,5,5,1,1,5,6,10,3,0,3,2,26,20.2,3
51,49,15-16,27-332,GSW,HOU,W (+13),1,37.41,37:41,12,24,0.5,7,16,0.438,4,4,1,1,4,5,9,1,0,1,2,35,30.4,3
52,50,15-16,27-333,GSW,PHO,W (+8),1,30.06,30:06,9,17,0.529,5,10,0.5,3,4,0.75,5,4,9,9,1,1,2,1,26,27.6,12
53,51,15-16,27-342,GSW,POR,L (-32),1,26.18,26:18,12,23,0.522,7,13,0.538,0,0,,2,1,3,5,2,0,3,4,31,22.3,-18
54,52,15-16,27-343,GSW,LAC,W (+3),1,35.30,35:30,5,15,0.333,3,8,0.375,10,12,0.833,0,3,3,9,3,0,3,2,23,20.1,4
55,53,15-16,27-345,GSW,ATL,W (+10),1,35.48,35:48,14,22,0.636,5,11,0.455,3,3,1,1,5,6,8,3,0,2,2,36,34.2,13
56,54,15-16,27-347,GSW,MIA,W (+6),1,35.35,35:35,14,29,0.483,6,12,0.5,8,8,1,3,4,7,7,1,1,7,0,42,30.2,7
57,55,15-16,27-348,GSW,ORL,W (+16),1,34.02,34:02,20,27,0.741,10,15,0.667,1,1,1,0,7,7,8,0,1,5,1,51,43.1,11
58,56,15-16,27-350,GSW,OKC,W (+3),1,37.41,37:41,14,24,0.583,12,16,0.75,6,8,0.75,0,3,3,6,2,0,3,1,46,37.7,6
59,,15-16,27-353,GSW,ATL,W (+4),Did Not Play,Did Not Play,Did Not Play,Did Not Play,Did Not Play,Did Not Play,Did Not Play,Did Not Play,Did Not Play,Did Not Play,Did Not Play,Did Not Play,Did Not Play,Did Not Play,Did Not Play,Did Not Play,Did Not Play,Did Not Play,Did Not Play,Did Not Play,Did Not Play,Did Not Play,Did Not Play
60,57,15-16,27-355,GSW,OKC,W (+15),1,37.11,37:11,12,25,0.48,5,15,0.333,4,5,0.8,1,3,4,4,1,1,1,2,33,24.2,6
61,58,15-16,27-358,GSW,LAL,L (-17),1,34.17,34:17,6,20,0.3,1,10,0.1,5,5,1,1,5,6,4,1,0,4,2,18,7.6,-8
62,59,15-16,27-359,GSW,ORL,W (+6),1,37.20,37:20,14,24,0.583,7,13,0.538,6,6,1,1,12,13,3,4,0,5,3,41,34,21
63,60,15-16,27-361,GSW,UTA,W (+21),1,31.31,31:31,4,12,0.333,3,9,0.333,1,2,0.5,0,3,3,10,3,0,3,2,12,11.9,12
64,61,15-16,27-363,GSW,POR,W (+16),1,29.26,29:26,13,23,0.565,7,14,0.5,1,2,0.5,0,3,3,4,2,0,3,2,34,24.6,14
65,62,15-16,27-364,GSW,PHO,W (+7),1,34.59,34:59,12,24,0.5,7,16,0.438,4,4,1,1,2,3,6,0,0,1,4,35,25.9,19
66,63,15-16,28-000,GSW,NOP,W (+18),1,31.18,31:18,10,16,0.625,4,9,0.444,3,4,0.75,1,4,5,5,2,0,1,1,27,25.4,27
67,64,15-16,28-002,GSW,NYK,W (+36),1,28.21,28:21,12,20,0.6,8,13,0.615,2,2,1,0,6,6,4,0,0,2,2,34,26.6,31
68,65,15-16,28-004,GSW,DAL,W (+18),1,34.19,34:19,12,26,0.462,6,12,0.5,1,1,1,1,8,9,10,2,0,1,2,31,27.9,8
69,66,15-16,28-005,GSW,SAS,L (-8),1,37.36,37:36,4,18,0.222,1,12,0.083,5,5,1,2,4,6,6,2,0,2,0,14,9.8,-10
70,67,15-16,28-007,GSW,MIN,W (+5),1,34.50,34:50,6,17,0.353,2,9,0.222,5,6,0.833,3,4,7,11,3,1,5,4,19,17.2,0
71,68,15-16,28-009,GSW,LAC,W (+16),1,37.26,37:26,12,23,0.522,4,10,0.4,5,6,0.833,0,4,4,5,3,0,1,3,33,26.8,4
72,69,15-16,28-011,GSW,DAL,W (+8),1,35.11,35:11,9,18,0.5,5,12,0.417,10,11,0.909,0,8,8,8,4,0,3,0,33,32.6,15
73,70,15-16,28-013,GSW,PHI,W (+12),1,33.12,33:12,7,16,0.438,2,9,0.222,4,5,0.8,0,3,3,8,4,0,4,0,20,17.7,4
74,71,15-16,28-015,GSW,WAS,W (+8),1,34.42,34:42,9,20,0.45,6,8,0.75,2,2,1,0,7,7,7,5,0,5,3,26,21.4,15
75,72,15-16,28-016,GSW,UTA,W (+7),1,42.16,42:16,11,23,0.478,5,10,0.5,4,5,0.8,2,5,7,4,2,0,5,4,31,20,6
76,73,15-16,28-018,GSW,BOS,L (-3),1,36.37,36:37,9,19,0.474,8,14,0.571,3,3,1,0,5,5,6,1,0,9,2,29,16.2,-1
77,74,15-16,28-020,GSW,POR,W (+25),1,34.35,34:35,13,21,0.619,9,13,0.692,4,4,1,2,4,6,7,2,1,4,2,39,34.9,16
78,75,15-16,28-022,GSW,MIN,L (-7),1,42.35,42:35,7,25,0.28,4,14,0.286,3,3,1,2,4,6,15,3,0,3,4,21,17.8,3
79,76,15-16,28-024,GSW,SAS,W (+11),1,36.17,36:17,11,19,0.579,3,7,0.429,2,2,1,0,5,5,9,2,0,3,2,27,24.1,14
80,77,15-16,28-026,GSW,MEM,W (+1),1,33.59,33:59,7,22,0.318,3,14,0.214,0,0,,0,9,9,8,1,0,2,1,17,11.3,10
81,78,15-16,28-027,GSW,SAS,W (+6),1,35.22,35:22,13,22,0.591,4,9,0.444,7,7,1,0,5,5,5,2,0,4,4,37,28.2,7
82,79,15-16,28-030,GSW,MEM,W (+21),1,29.46,29:46,15,24,0.625,10,19,0.526,6,6,1,1,3,4,6,2,0,2,2,46,40.2,19
1,1,16-17,28-225,GSW,SAS,L (-29),1,34.06,34:06,9,18,0.5,3,10,0.3,5,6,0.833,0,3,3,4,0,0,4,1,26,15.9,-9
2,2,16-17,28-228,GSW,NOP,W (+8),1,34.04,34:04,8,19,0.421,4,10,0.4,3,4,0.75,1,0,1,8,1,0,4,3,23,14.6,4
3,3,16-17,28-230,GSW,PHO,W (+6),1,34.13,34:13,9,17,0.529,5,8,0.625,5,5,1,0,1,1,3,0,0,1,5,28,19.1,2
4,4,16-17,28-232,GSW,POR,W (+23),1,29.30,29:30,10,21,0.476,5,10,0.5,3,4,0.75,1,3,4,3,1,0,4,3,28,16.4,24
5,5,16-17,28-234,GSW,OKC,W (+26),1,30.03,30:03,6,14,0.429,2,6,0.333,7,8,0.875,0,1,1,7,2,1,1,1,21,19.7,17
6,6,16-17,28-235,GSW,LAL,L (-20),1,31.06,31:06,5,17,0.294,0,10,0,3,3,1,0,8,8,10,2,1,2,3,13,12,-5
7,7,16-17,28-238,GSW,NOP,W (+10),1,35.39,35:39,16,26,0.615,13,17,0.765,1,2,0.5,3,2,5,5,2,0,4,2,46,37.2,9
8,8,16-17,28-240,GSW,DAL,W (+21),1,30.50,30:50,8,12,0.667,4,8,0.5,4,4,1,0,3,3,6,1,0,5,1,24,19.5,16
9,9,16-17,28-241,GSW,DEN,W (+24),1,29.56,29:56,10,17,0.588,7,13,0.538,6,6,1,1,4,5,6,1,0,4,1,33,27.8,27
10,10,16-17,28-244,GSW,PHO,W (+13),1,36.46,36:46,9,17,0.529,5,9,0.556,7,7,1,0,6,6,6,2,0,3,2,30,25.9,22
11,11,16-17,28-247,GSW,TOR,W (+6),1,37.22,37:22,10,19,0.526,3,9,0.333,12,13,0.923,2,1,3,7,1,0,3,3,35,28.7,5
12,12,16-17,28-249,GSW,BOS,W (+16),1,36.18,36:18,7,20,0.35,2,10,0.2,0,0,,0,3,3,8,4,1,2,4,16,12.4,19
13,13,16-17,28-250,GSW,MIL,W (+3),1,34.41,34:41,7,21,0.333,1,11,0.091,5,5,1,0,5,5,5,1,0,3,4,20,9.5,1
14,14,16-17,28-252,GSW,IND,W (+37),1,29.30,29:30,6,11,0.545,2,6,0.333,8,8,1,2,4,6,6,1,0,1,1,22,23.1,34
15,15,16-17,28-254,GSW,LAL,W (+43),1,28.45,28:45,11,18,0.611,7,12,0.583,2,2,1,0,5,5,9,1,0,1,1,31,30.2,32
16,16,16-17,28-256,GSW,LAL,W (+24),1,35.36,35:36,8,17,0.471,4,10,0.4,4,4,1,2,3,5,5,3,0,3,1,24,20.7,14
17,17,16-17,28-257,GSW,MIN,W (+13),1,37.10,37:10,13,19,0.684,4,8,0.5,4,4,1,1,7,8,6,1,0,6,4,34,26.3,16
18,18,16-17,28-259,GSW,ATL,W (+5),1,38.14,38:14,6,17,0.353,4,11,0.364,9,11,0.818,0,3,3,3,2,0,3,2,25,15.9,6
19,19,16-17,28-262,GSW,HOU,L (-5),1,38.23,38:23,9,22,0.409,4,13,0.308,6,6,1,1,2,3,5,3,1,5,6,28,17.3,10
20,20,16-17,28-264,GSW,PHO,W (+29),1,29.50,29:50,10,15,0.667,5,7,0.714,6,6,1,0,2,2,1,1,0,3,2,31,23,15
21,21,16-17,28-266,GSW,IND,W (+36),1,29.09,29:09,4,10,0.4,2,7,0.286,3,4,0.75,0,4,4,11,2,1,0,4,13,17.2,24
22,22,16-17,28-268,GSW,LAC,W (+17),1,33.17,33:17,7,16,0.438,0,8,0,5,5,1,0,4,4,6,7,0,3,3,19,18.8,18
23,23,16-17,28-269,GSW,UTA,W (+7),1,35.34,35:34,7,16,0.438,3,9,0.333,9,9,1,0,5,5,2,2,0,3,2,26,18.7,10
24,24,16-17,28-271,GSW,MEM,L (-21),1,30.35,30:35,4,14,0.286,3,11,0.273,6,6,1,2,6,8,3,0,0,4,3,17,8.9,-24
25,25,16-17,28-272,GSW,MIN,W (+8),1,31.35,31:35,6,13,0.462,2,5,0.4,8,8,1,1,3,4,9,1,0,0,3,22,23,-6
26,26,16-17,28-274,GSW,NOP,W (+4),1,34.07,34:07,11,23,0.478,5,9,0.556,3,4,0.75,2,2,4,7,1,0,2,2,30,23,4
27,27,16-17,28-276,GSW,NYK,W (+13),1,33.49,33:49,3,14,0.214,2,8,0.25,0,0,,1,9,10,8,1,0,3,0,8,6.4,20
28,28,16-17,28-278,GSW,POR,W (+45),1,27.14,27:14,6,11,0.545,5,8,0.625,2,2,1,0,3,3,6,0,0,3,3,19,14.6,21
29,29,16-17,28-281,GSW,UTA,W (+30),1,30.13,30:13,8,18,0.444,4,9,0.444,5,5,1,0,3,3,4,3,0,0,0,25,22.3,27
30,30,16-17,28-283,GSW,BRK,W (+16),1,32.58,32:58,6,19,0.316,3,13,0.231,0,0,,0,2,2,7,5,0,2,5,15,10.6,25
31,31,16-17,28-284,GSW,DET,W (+6),1,35.00,35:00,7,16,0.438,5,10,0.5,6,6,1,0,3,3,8,2,0,5,1,25,19.7,6
32,32,16-17,28-286,GSW,CLE,L (-1),1,37.20,37:20,4,11,0.364,2,7,0.286,5,6,0.833,0,3,3,3,3,0,3,4,15,9.9,-1
33,33,16-17,28-289,GSW,TOR,W (+10),1,36.19,36:19,9,18,0.5,3,6,0.5,7,7,1,1,6,7,7,0,0,2,3,28,23.2,27
34,34,16-17,28-291,GSW,DAL,W (+9),1,30.08,30:08,5,12,0.417,3,6,0.5,1,1,1,0,4,4,5,1,0,1,2,14,11.5,14
35,35,16-17,28-294,GSW,DEN,W (+8),1,35.03,35:03,8,18,0.444,3,9,0.333,3,3,1,0,3,3,5,0,0,3,2,22,13.2,7
36,36,16-17,28-296,GSW,POR,W (+8),1,35.54,35:54,12,25,0.48,5,13,0.385,6,8,0.75,1,6,7,5,1,0,5,1,35,23.1,6
37,37,16-17,28-298,GSW,MEM,L (-9),1,42.13,42:13,15,27,0.556,5,13,0.385,5,5,1,0,3,3,6,1,1,4,2,40,29.1,-10
38,38,16-17,28-300,GSW,SAC,W (+11),1,37.06,37:06,11,22,0.5,5,11,0.455,3,3,1,2,2,4,6,2,0,4,3,30,22,14
39,39,16-17,28-302,GSW,MIA,W (+12),1,35.43,35:43,8,21,0.381,4,11,0.364,4,5,0.8,1,7,8,9,1,1,3,0,24,19.9,18
40,40,16-17,28-304,GSW,DET,W (+20),1,29.51,29:51,9,17,0.529,3,9,0.333,3,3,1,0,2,2,7,5,0,8,0,24,18.2,32
41,41,16-17,28-308,GSW,CLE,W (+35),1,30.55,30:55,7,20,0.35,5,12,0.417,1,2,0.5,0,2,2,11,4,0,3,2,20,16.9,23
42,42,16-17,28-310,GSW,OKC,W (+21),1,34.11,34:11,9,19,0.474,2,6,0.333,4,4,1,0,4,4,8,3,0,3,0,24,21.1,19
43,43,16-17,28-312,GSW,HOU,W (+17),1,32.57,32:57,8,18,0.444,5,11,0.455,3,5,0.6,0,1,1,7,1,0,1,1,24,18.6,15
44,44,16-17,28-314,GSW,ORL,W (+20),1,29.33,29:33,8,15,0.533,7,13,0.538,4,4,1,1,3,4,6,0,0,3,2,27,21.7,32
45,45,16-17,28-315,GSW,MIA,L (-3),1,36.31,36:31,7,19,0.368,3,9,0.333,4,5,0.8,0,9,9,8,0,1,4,2,21,14.3,1
46,46,16-17,28-317,GSW,CHO,W (+10),1,36.16,36:16,11,23,0.478,6,12,0.5,0,0,,0,2,2,7,1,1,4,2,28,18.7,0
47,47,16-17,28-320,GSW,LAC,W (+46),1,28.57,28:57,15,23,0.652,9,15,0.6,4,4,1,0,9,9,6,0,0,2,1,43,37.4,42
48,,16-17,28-321,GSW,POR,W (+2),Inactive,Inactive,Inactive,Inactive,Inactive,Inactive,Inactive,Inactive,Inactive,Inactive,Inactive,Inactive,Inactive,Inactive,Inactive,Inactive,Inactive,Inactive,Inactive,Inactive,Inactive,Inactive,Inactive
49,48,16-17,28-324,GSW,CHO,W (+15),1,30.16,30:16,14,20,0.7,11,15,0.733,0,0,,1,4,5,8,3,0,1,2,39,39.3,25
50,49,16-17,28-325,GSW,LAC,W (+13),1,37.26,37:26,11,23,0.478,3,10,0.3,4,4,1,1,2,3,11,3,0,4,1,29,24.9,13
51,50,16-17,28-327,GSW,SAC,L (-3),1,41.45,41:45,11,20,0.55,8,14,0.571,5,6,0.833,0,4,4,9,3,0,3,2,35,31.7,4
52,51,16-17,28-331,GSW,CHI,W (+31),1,28.12,28:12,5,11,0.455,1,4,0.25,2,2,1,0,1,1,6,1,0,2,4,13,9.2,20
53,52,16-17,28-333,GSW,MEM,W (+15),1,34.51,34:51,6,13,0.462,2,6,0.333,4,5,0.8,0,4,4,5,0,0,3,3,18,11.4,15
54,53,16-17,28-334,GSW,OKC,W (+16),1,33.54,33:54,9,19,0.474,4,11,0.364,4,4,1,3,5,8,9,2,0,0,2,26,27.4,16
55,54,16-17,28-336,GSW,DEN,L (-22),1,26.42,26:42,4,18,0.222,1,11,0.091,2,2,1,1,1,2,5,1,0,1,1,11,4.1,-24
56,55,16-17,28-338,GSW,SAC,W (+23),1,30.03,30:03,4,14,0.286,2,8,0.25,3,4,0.75,0,6,6,9,0,2,3,2,13,10.1,23
57,56,16-17,28-346,GSW,LAC,W (+10),1,32.11,32:11,10,16,0.625,6,10,0.6,9,10,0.9,1,6,7,5,4,0,4,5,35,31.4,26
58,57,16-17,28-348,GSW,BRK,W (+17),1,34.55,34:55,9,21,0.429,5,10,0.5,4,4,1,1,4,5,5,3,0,4,2,27,19.5,17
59,58,16-17,28-350,GSW,PHI,W (+11),1,34.48,34:48,7,23,0.304,0,11,0,5,5,1,2,2,4,6,2,0,4,2,19,9.1,8
60,59,16-17,28-351,GSW,WAS,L (-4),1,34.14,34:14,9,20,0.45,2,9,0.222,5,6,0.833,4,3,7,4,2,0,5,3,25,16.5,-5
61,60,16-17,28-353,GSW,CHI,L (-7),1,35.28,35:28,10,27,0.37,2,11,0.182,1,1,1,1,5,6,5,5,0,4,4,23,13.2,-4
62,61,16-17,28-356,GSW,NYK,W (+7),1,36.51,36:51,11,24,0.458,5,13,0.385,4,6,0.667,2,6,8,6,2,0,2,2,31,24.4,22
63,62,16-17,28-357,GSW,ATL,W (+8),1,34.31,34:31,8,20,0.4,6,15,0.4,2,3,0.667,1,3,4,9,0,0,2,4,24,17.1,5
64,63,16-17,28-359,GSW,BOS,L (-13),1,35.08,35:08,8,16,0.5,2,9,0.222,5,5,1,3,2,5,6,0,1,4,4,23,17,-3
65,64,16-17,28-361,GSW,MIN,L (-1),1,35.18,35:18,10,27,0.37,1,8,0.125,5,5,1,3,3,6,7,1,0,6,4,26,12.4,-5
66,,16-17,28-362,GSW,SAS,L (-22),Did Not Dress,Did Not Dress,Did Not Dress,Did Not Dress,Did Not Dress,Did Not Dress,Did Not Dress,Did Not Dress,Did Not Dress,Did Not Dress,Did Not Dress,Did Not Dress,Did Not Dress,Did Not Dress,Did Not Dress,Did Not Dress,Did Not Dress,Did Not Dress,Did Not Dress,Did Not Dress,Did Not Dress,Did Not Dress,Did Not Dress
67,65,16-17,29-000,GSW,PHI,W (+2),1,37.25,37:25,8,23,0.348,5,13,0.385,8,8,1,2,4,6,5,3,0,5,3,29,19,3
68,66,16-17,29-002,GSW,ORL,W (+30),1,28.07,28:07,8,15,0.533,2,7,0.286,7,7,1,0,1,1,9,3,0,2,1,25,24.9,24
69,67,16-17,29-004,GSW,MIL,W (+25),1,30.17,30:17,9,13,0.692,6,8,0.75,4,4,1,0,4,4,4,1,1,3,3,28,24,18
70,68,16-17,29-006,GSW,OKC,W (+16),1,29.53,29:53,8,17,0.471,7,12,0.583,0,0,,0,4,4,6,0,0,5,3,23,13.5,16
71,69,16-17,29-007,GSW,DAL,W (+25),1,29.45,29:45,7,14,0.5,3,9,0.333,0,0,,1,4,5,9,2,0,0,1,17,19.8,14
72,70,16-17,29-010,GSW,SAC,W (+14),1,33.14,33:14,9,18,0.5,5,11,0.455,4,4,1,1,6,7,12,6,0,3,0,27,31.9,28
73,71,16-17,29-012,GSW,MEM,W (+12),1,36.19,36:19,8,18,0.444,5,12,0.417,0,0,,0,1,1,11,4,0,5,1,21,18.2,8
74,72,16-17,29-014,GSW,HOU,W (+7),1,33.25,33:25,11,22,0.5,3,11,0.273,7,10,0.7,2,8,10,7,2,0,6,5,32,22.5,9
75,73,16-17,29-015,GSW,SAS,W (+12),1,35.08,35:08,9,20,0.45,4,8,0.5,7,7,1,1,3,4,11,1,0,2,5,29,24.9,6
76,74,16-17,29-017,GSW,HOU,W (+9),1,34.46,34:46,8,18,0.444,4,9,0.444,4,5,0.8,3,4,7,5,2,0,2,4,24,19.4,14
77,75,16-17,29-019,GSW,WAS,W (+24),1,35.33,35:33,15,22,0.682,9,14,0.643,3,3,1,0,1,1,8,1,0,1,3,42,37.3,26
78,76,16-17,29-021,GSW,MIN,W (+14),1,29.53,29:53,7,18,0.389,3,8,0.375,2,4,0.5,0,3,3,9,3,2,3,2,19,16.2,13
79,77,16-17,29-022,GSW,PHO,W (+9),1,35.11,35:11,15,25,0.6,8,12,0.667,4,7,0.571,0,4,4,11,2,2,3,0,42,38.6,25
80,,16-17,29-025,GSW,NOP,W (+22),Did Not Dress,Did Not Dress,Did Not Dress,Did Not Dress,Did Not Dress,Did Not Dress,Did Not Dress,Did Not Dress,Did Not Dress,Did Not Dress,Did Not Dress,Did Not Dress,Did Not Dress,Did Not Dress,Did Not Dress,Did Not Dress,Did Not Dress,Did Not Dress,Did Not Dress,Did Not Dress,Did Not Dress,Did Not Dress,Did Not Dress
81,78,16-17,29-027,GSW,UTA,L (-6),1,29.57,29:57,9,16,0.563,6,8,0.75,4,5,0.8,1,3,4,4,1,0,1,1,28,24,9
82,79,16-17,29-029,GSW,LAL,W (+15),1,28.27,28:27,6,17,0.353,5,14,0.357,3,4,0.75,0,5,5,8,2,0,6,1,20,12.8,27
1,1,17-18,29-217,GSW,HOU,L (-1),1,29.33,29:33,8,18,0.444,3,9,0.333,3,3,1,0,5,5,4,1,0,2,4,22,14.3,9
2,2,17-18,29-220,GSW,NOP,W (+8),1,35.07,35:07,7,16,0.438,4,11,0.364,10,10,1,0,3,3,8,0,0,1,1,28,24.7,7
3,3,17-18,29-221,GSW,MEM,L (-10),1,30.05,30:05,9,17,0.529,6,11,0.545,13,13,1,0,6,6,3,0,0,2,5,37,28.6,-6
4,4,17-18,29-223,GSW,DAL,W (+30),1,31.09,31:09,7,15,0.467,2,10,0.2,13,13,1,2,0,2,8,4,0,6,1,29,25.9,22
5,5,17-18,29-225,GSW,TOR,W (+5),1,37.31,37:31,9,20,0.45,4,11,0.364,8,8,1,0,4,4,5,3,1,2,2,30,25.2,14
6,6,17-18,29-227,GSW,WAS,W (+3),1,36.12,36:12,7,19,0.368,3,13,0.231,3,3,1,0,5,5,8,2,0,2,2,20,15.8,-8
7,7,17-18,29-229,GSW,DET,L (-8),1,35.26,35:26,11,17,0.647,3,7,0.429,2,3,0.667,1,5,6,8,1,0,5,3,27,21.7,12
8,8,17-18,29-230,GSW,LAC,W (+28),1,29.54,29:54,9,14,0.643,7,11,0.636,6,8,0.75,2,3,5,6,2,1,1,3,31,31,23
9,9,17-18,29-233,GSW,SAS,W (+20),1,31.51,31:51,7,13,0.538,3,4,0.75,4,4,1,1,7,8,5,3,0,2,2,21,21.2,16
10,10,17-18,29-235,GSW,DEN,W (+19),1,29.38,29:38,7,14,0.5,5,10,0.5,3,4,0.75,0,0,0,11,2,0,3,0,22,21.3,44
11,11,17-18,29-237,GSW,MIA,W (+17),1,33.53,33:53,5,19,0.263,2,9,0.222,4,5,0.8,0,5,5,4,2,0,1,3,16,8.4,25
12,12,17-18,29-239,GSW,MIN,W (+24),1,29.48,29:48,7,16,0.438,2,7,0.286,6,6,1,0,8,8,8,2,1,5,2,22,18.5,16
13,13,17-18,29-242,GSW,PHI,W (+21),1,29.54,29:54,5,12,0.417,3,8,0.375,9,9,1,0,4,4,9,1,0,2,0,22,22.1,29
14,,17-18,29-244,GSW,ORL,W (+10),Inactive,Inactive,Inactive,Inactive,Inactive,Inactive,Inactive,Inactive,Inactive,Inactive,Inactive,Inactive,Inactive,Inactive,Inactive,Inactive,Inactive,Inactive,Inactive,Inactive,Inactive,Inactive,Inactive
15,14,17-18,29-247,GSW,BOS,L (-4),1,31.04,31:04,3,14,0.214,2,9,0.222,1,2,0.5,2,4,6,5,4,0,4,5,9,4.1,-14
16,15,17-18,29-249,GSW,PHI,W (+8),1,34.39,34:39,11,22,0.5,4,9,0.444,9,9,1,0,5,5,5,0,1,2,1,35,27.3,3
17,16,17-18,29-250,GSW,BRK,W (+7),1,32.39,32:39,14,24,0.583,4,10,0.4,7,8,0.875,3,8,11,7,3,0,7,6,39,30.4,4
18,17,17-18,29-253,GSW,OKC,L (-17),1,30.49,30:49,9,18,0.5,3,8,0.375,3,3,1,1,4,5,6,1,0,6,1,24,15.7,-17
19,18,17-18,29-255,GSW,CHI,W (+49),1,26.51,26:51,10,18,0.556,4,11,0.364,9,9,1,0,7,7,4,2,0,2,2,33,28.5,39
20,19,17-18,29-256,GSW,NOP,W (+15),1,36.28,36:28,9,25,0.36,3,13,0.231,6,6,1,0,4,4,6,1,0,1,2,27,17.7,5
21,,17-18,29-258,GSW,SAC,L (-4),Inactive,Inactive,Inactive,Inactive,Inactive,Inactive,Inactive,Inactive,Inactive,Inactive,Inactive,Inactive,Inactive,Inactive,Inactive,Inactive,Inactive,Inactive,Inactive,Inactive,Inactive,Inactive,Inactive
22,20,17-18,29-260,GSW,LAL,W (+4),1,39.24,39:24,9,20,0.45,3,9,0.333,7,8,0.875,0,5,5,7,0,0,5,4,28,17,4
23,21,17-18,29-262,GSW,ORL,W (+21),1,33.03,33:03,9,20,0.45,3,8,0.375,2,2,1,1,5,6,10,3,0,4,2,23,20,19
24,22,17-18,29-264,GSW,MIA,W (+28),1,30.19,30:19,11,16,0.688,5,9,0.556,3,4,0.75,0,2,2,3,2,0,0,1,30,27.1,20
25,23,17-18,29-265,GSW,NOP,W (+10),1,34.27,34:27,9,19,0.474,5,11,0.455,8,9,0.889,2,3,5,11,1,0,2,5,31,27.9,-1
26,,17-18,29-267,GSW,CHO,W (+14),Inactive,Inactive,Inactive,Inactive,Inactive,Inactive,Inactive,Inactive,Inactive,Inactive,Inactive,Inactive,Inactive,Inactive,Inactive,Inactive,Inactive,Inactive,Inactive,Inactive,Inactive,Inactive,Inactive
27,,17-18,29-269,GSW,DET,W (+4),Inactive,Inactive,Inactive,Inactive,Inactive,Inactive,Inactive,Inactive,Inactive,Inactive,Inactive,Inactive,Inactive,Inactive,Inactive,Inactive,Inactive,Inactive,Inactive,Inactive,Inactive,Inactive,Inactive
28,,17-18,29-272,GSW,POR,W (+7),Inactive,Inactive,Inactive,Inactive,Inactive,Inactive,Inactive,Inactive,Inactive,Inactive,Inactive,Inactive,Inactive,Inactive,Inactive,Inactive,Inactive,Inactive,Inactive,Inactive,Inactive,Inactive,Inactive
29,,17-18,29-275,GSW,DAL,W (+15),Inactive,Inactive,Inactive,Inactive,Inactive,Inactive,Inactive,Inactive,Inactive,Inactive,Inactive,Inactive,Inactive,Inactive,Inactive,Inactive,Inactive,Inactive,Inactive,Inactive,Inactive,Inactive,Inactive
30,,17-18,29-279,GSW,LAL,W (+2),Inactive,Inactive,Inactive,Inactive,Inactive,Inactive,Inactive,Inactive,Inactive,Inactive,Inactive,Inactive,Inactive,Inactive,Inactive,Inactive,Inactive,Inactive,Inactive,Inactive,Inactive,Inactive,Inactive
31,,17-18,29-281,GSW,MEM,W (+13),Inactive,Inactive,Inactive,Inactive,Inactive,Inactive,Inactive,Inactive,Inactive,Inactive,Inactive,Inactive,Inactive,Inactive,Inactive,Inactive,Inactive,Inactive,Inactive,Inactive,Inactive,Inactive,Inactive
32,,17-18,29-283,GSW,LAL,W (+7),Inactive,Inactive,Inactive,Inactive,Inactive,Inactive,Inactive,Inactive,Inactive,Inactive,Inactive,Inactive,Inactive,Inactive,Inactive,Inactive,Inactive,Inactive,Inactive,Inactive,Inactive,Inactive,Inactive
33,,17-18,29-284,GSW,DEN,L (-15),Inactive,Inactive,Inactive,Inactive,Inactive,Inactive,Inactive,Inactive,Inactive,Inactive,Inactive,Inactive,Inactive,Inactive,Inactive,Inactive,Inactive,Inactive,Inactive,Inactive,Inactive,Inactive,Inactive
34,,17-18,29-286,GSW,CLE,W (+7),Inactive,Inactive,Inactive,Inactive,Inactive,Inactive,Inactive,Inactive,Inactive,Inactive,Inactive,Inactive,Inactive,Inactive,Inactive,Inactive,Inactive,Inactive,Inactive,Inactive,Inactive,Inactive,Inactive
35,,17-18,29-288,GSW,UTA,W (+25),Inactive,Inactive,Inactive,Inactive,Inactive,Inactive,Inactive,Inactive,Inactive,Inactive,Inactive,Inactive,Inactive,Inactive,Inactive,Inactive,Inactive,Inactive,Inactive,Inactive,Inactive,Inactive,Inactive
36,,17-18,29-290,GSW,CHO,L (-11),Inactive,Inactive,Inactive,Inactive,Inactive,Inactive,Inactive,Inactive,Inactive,Inactive,Inactive,Inactive,Inactive,Inactive,Inactive,Inactive,Inactive,Inactive,Inactive,Inactive,Inactive,Inactive,Inactive
37,24,17-18,29-291,GSW,MEM,W (+13),1,25.36,25:36,13,17,0.765,10,13,0.769,2,2,1,0,4,4,3,0,0,0,2,38,33.8,24
38,25,17-18,29-295,GSW,DAL,W (+3),1,34.29,34:29,11,19,0.579,6,13,0.462,4,5,0.8,0,5,5,8,1,0,3,1,32,27.4,7
39,26,17-18,29-296,GSW,HOU,W (+10),1,36.51,36:51,10,20,0.5,4,10,0.4,5,6,0.833,0,9,9,5,1,0,3,3,29,21.6,3
40,27,17-18,29-298,GSW,LAC,W (+16),1,29.51,29:51,11,21,0.524,8,16,0.5,15,16,0.938,2,4,6,3,3,0,2,2,45,39.2,28
41,28,17-18,29-300,GSW,DEN,W (+10),1,34.50,34:50,9,17,0.529,5,10,0.5,9,10,0.9,1,3,4,9,2,0,6,3,32,26,3
42,,17-18,29-302,GSW,LAC,L (-19),Inactive,Inactive,Inactive,Inactive,Inactive,Inactive,Inactive,Inactive,Inactive,Inactive,Inactive,Inactive,Inactive,Inactive,Inactive,Inactive,Inactive,Inactive,Inactive,Inactive,Inactive,Inactive,Inactive
43,,17-18,29-304,GSW,MIL,W (+14),Inactive,Inactive,Inactive,Inactive,Inactive,Inactive,Inactive,Inactive,Inactive,Inactive,Inactive,Inactive,Inactive,Inactive,Inactive,Inactive,Inactive,Inactive,Inactive,Inactive,Inactive,Inactive,Inactive
44,29,17-18,29-305,GSW,TOR,W (+2),1,34.28,34:28,6,12,0.5,2,7,0.286,10,12,0.833,0,6,6,9,1,0,1,3,24,24.1,-5
45,30,17-18,29-307,GSW,CLE,W (+10),1,33.24,33:24,8,15,0.533,4,8,0.5,3,4,0.75,1,3,4,8,2,0,3,3,23,20.3,13
46,31,17-18,29-309,GSW,CHI,W (+7),1,34.55,34:55,10,18,0.556,6,11,0.545,4,4,1,0,9,9,4,1,0,6,2,30,21.1,21
47,32,17-18,29-312,GSW,HOU,L (-8),1,36.11,36:11,6,20,0.3,5,15,0.333,2,4,0.5,0,1,1,8,2,0,6,2,19,7.7,-11
48,33,17-18,29-315,GSW,NYK,W (+11),1,33.16,33:16,9,19,0.474,8,15,0.533,6,6,1,0,6,6,7,0,0,1,2,32,27.2,4
49,34,17-18,29-317,GSW,MIN,W (+13),1,37.26,37:26,9,14,0.643,5,9,0.556,2,3,0.667,2,3,5,9,3,0,2,2,25,27.2,20
50,35,17-18,29-319,GSW,BOS,W (+4),1,36.48,36:48,16,24,0.667,8,13,0.615,9,10,0.9,0,4,4,5,2,0,1,2,49,43.1,6
51,36,17-18,29-322,GSW,UTA,L (-30),1,29.38,29:38,4,13,0.308,1,7,0.143,5,5,1,1,1,2,5,0,0,3,1,14,7.6,-17
52,37,17-18,29-325,GSW,SAC,W (+15),1,35.35,35:35,7,17,0.412,3,10,0.3,6,6,1,1,4,5,6,2,0,6,3,23,14.8,14
53,38,17-18,29-326,GSW,DEN,L (-7),1,35.37,35:37,8,16,0.5,5,12,0.417,3,4,0.75,1,5,6,4,2,0,5,2,24,16.8,4
54,39,17-18,29-329,GSW,OKC,L (-20),1,31.49,31:49,6,14,0.429,2,9,0.222,7,7,1,1,4,5,5,1,1,3,3,21,16.5,-13
55,40,17-18,29-331,GSW,DAL,W (+18),1,29.41,29:41,7,12,0.583,4,9,0.444,2,2,1,2,5,7,8,0,0,4,1,20,18.5,3
56,41,17-18,29-333,GSW,SAS,W (+17),1,28.52,28:52,7,13,0.538,3,7,0.429,0,0,,1,3,4,8,2,0,2,0,17,17.9,6
57,42,17-18,29-335,GSW,PHO,W (+46),1,29.53,29:53,8,17,0.471,3,9,0.333,3,3,1,2,7,9,7,0,1,3,3,22,18.2,21
58,43,17-18,29-337,GSW,POR,L (-6),1,34.26,34:26,6,17,0.353,3,10,0.3,2,2,1,2,2,4,6,3,0,7,4,17,8.1,-7
59,44,17-18,29-345,GSW,LAC,W (+7),1,37.08,37:08,14,19,0.737,8,11,0.727,8,8,1,1,5,6,10,2,0,4,4,44,41.9,8
60,45,17-18,29-347,GSW,OKC,W (+32),1,29.49,29:49,8,19,0.421,5,12,0.417,0,0,,1,8,9,6,3,0,2,2,21,18.4,24
61,46,17-18,29-349,GSW,NYK,W (+14),1,30.17,30:17,8,16,0.5,4,9,0.444,1,1,1,0,5,5,5,0,0,3,1,21,14.6,25
62,47,17-18,29-351,GSW,WAS,W (+8),1,35.07,35:07,5,15,0.333,4,9,0.444,11,12,0.917,0,5,5,3,2,0,6,3,25,14.5,20
63,48,17-18,29-353,GSW,ATL,W (+5),1,23.29,23:29,8,15,0.533,4,9,0.444,8,8,1,0,1,1,3,2,0,0,0,28,25.1,2
64,49,17-18,29-357,GSW,BRK,W (+13),1,33.56,33:56,12,20,0.6,6,12,0.5,4,5,0.8,1,5,6,4,3,1,3,2,34,29.3,11
65,50,17-18,29-359,GSW,SAS,W (+3),1,2.23,2:23,0,1,0,0,0,,2,2,1,0,0,0,0,0,0,0,0,2,1.3,-1
66,,17-18,29-360,GSW,POR,L (-17),Inactive,Inactive,Inactive,Inactive,Inactive,Inactive,Inactive,Inactive,Inactive,Inactive,Inactive,Inactive,Inactive,Inactive,Inactive,Inactive,Inactive,Inactive,Inactive,Inactive,Inactive,Inactive,Inactive
67,,17-18,29-362,GSW,MIN,L (-6),Inactive,Inactive,Inactive,Inactive,Inactive,Inactive,Inactive,Inactive,Inactive,Inactive,Inactive,Inactive,Inactive,Inactive,Inactive,Inactive,Inactive,Inactive,Inactive,Inactive,Inactive,Inactive,Inactive
68,,17-18,30-000,GSW,LAL,W (+11),Inactive,Inactive,Inactive,Inactive,Inactive,Inactive,Inactive,Inactive,Inactive,Inactive,Inactive,Inactive,Inactive,Inactive,Inactive,Inactive,Inactive,Inactive,Inactive,Inactive,Inactive,Inactive,Inactive
69,,17-18,30-002,GSW,SAC,L (-5),Inactive,Inactive,Inactive,Inactive,Inactive,Inactive,Inactive,Inactive,Inactive,Inactive,Inactive,Inactive,Inactive,Inactive,Inactive,Inactive,Inactive,Inactive,Inactive,Inactive,Inactive,Inactive,Inactive
70,,17-18,30-003,GSW,PHO,W (+15),Inactive,Inactive,Inactive,Inactive,Inactive,Inactive,Inactive,Inactive,Inactive,Inactive,Inactive,Inactive,Inactive,Inactive,Inactive,Inactive,Inactive,Inactive,Inactive,Inactive,Inactive,Inactive,Inactive
71,,17-18,30-005,GSW,SAS,L (-14),Inactive,Inactive,Inactive,Inactive,Inactive,Inactive,Inactive,Inactive,Inactive,Inactive,Inactive,Inactive,Inactive,Inactive,Inactive,Inactive,Inactive,Inactive,Inactive,Inactive,Inactive,Inactive,Inactive
72,51,17-18,30-009,GSW,ATL,W (+12),1,25.22,25:22,10,18,0.556,3,8,0.375,6,6,1,1,6,7,1,0,1,1,1,29,22.9,9
73,,17-18,30-011,GSW,UTA,L (-19),Inactive,Inactive,Inactive,Inactive,Inactive,Inactive,Inactive,Inactive,Inactive,Inactive,Inactive,Inactive,Inactive,Inactive,Inactive,Inactive,Inactive,Inactive,Inactive,Inactive,Inactive,Inactive,Inactive
74,,17-18,30-013,GSW,IND,L (-11),Inactive,Inactive,Inactive,Inactive,Inactive,Inactive,Inactive,Inactive,Inactive,Inactive,Inactive,Inactive,Inactive,Inactive,Inactive,Inactive,Inactive,Inactive,Inactive,Inactive,Inactive,Inactive,Inactive
75,,17-18,30-015,GSW,MIL,L (-9),Inactive,Inactive,Inactive,Inactive,Inactive,Inactive,Inactive,Inactive,Inactive,Inactive,Inactive,Inactive,Inactive,Inactive,Inactive,Inactive,Inactive,Inactive,Inactive,Inactive,Inactive,Inactive,Inactive
76,,17-18,30-017,GSW,SAC,W (+16),Inactive,Inactive,Inactive,Inactive,Inactive,Inactive,Inactive,Inactive,Inactive,Inactive,Inactive,Inactive,Inactive,Inactive,Inactive,Inactive,Inactive,Inactive,Inactive,Inactive,Inactive,Inactive,Inactive
77,,17-18,30-018,GSW,PHO,W (+10),Inactive,Inactive,Inactive,Inactive,Inactive,Inactive,Inactive,Inactive,Inactive,Inactive,Inactive,Inactive,Inactive,Inactive,Inactive,Inactive,Inactive,Inactive,Inactive,Inactive,Inactive,Inactive,Inactive
78,,17-18,30-020,GSW,OKC,W (+4),Inactive,Inactive,Inactive,Inactive,Inactive,Inactive,Inactive,Inactive,Inactive,Inactive,Inactive,Inactive,Inactive,Inactive,Inactive,Inactive,Inactive,Inactive,Inactive,Inactive,Inactive,Inactive,Inactive
79,,17-18,30-022,GSW,IND,L (-20),Inactive,Inactive,Inactive,Inactive,Inactive,Inactive,Inactive,Inactive,Inactive,Inactive,Inactive,Inactive,Inactive,Inactive,Inactive,Inactive,Inactive,Inactive,Inactive,Inactive,Inactive,Inactive,Inactive
80,,17-18,30-024,GSW,NOP,L (-6),Inactive,Inactive,Inactive,Inactive,Inactive,Inactive,Inactive,Inactive,Inactive,Inactive,Inactive,Inactive,Inactive,Inactive,Inactive,Inactive,Inactive,Inactive,Inactive,Inactive,Inactive,Inactive,Inactive
81,,17-18,30-025,GSW,PHO,W (+17),Inactive,Inactive,Inactive,Inactive,Inactive,Inactive,Inactive,Inactive,Inactive,Inactive,Inactive,Inactive,Inactive,Inactive,Inactive,Inactive,Inactive,Inactive,Inactive,Inactive,Inactive,Inactive,Inactive
82,,17-18,30-027,GSW,UTA,L (-40),Inactive,Inactive,Inactive,Inactive,Inactive,Inactive,Inactive,Inactive,Inactive,Inactive,Inactive,Inactive,Inactive,Inactive,Inactive,Inactive,Inactive,Inactive,Inactive,Inactive,Inactive,Inactive,Inactive